Page,Date,Pageviews,Unique Pageviews,Avg. Time on Page,Entrances,Bounce Rate,% Exit,Page Value
/ccg/02P/measures/?tags=lowpriority,20180918,23,1,00:01:02,0,0.00%,0.00%,$10.00
/ccg/99Q/measures/?tags=lowpriority,20180926,22,4,00:03:30,1,0.00%,4.55%,$5.00
/ccg/99P/measures/?tags=lowpriority,20180926,18,3,00:00:43,0,0.00%,0.00%,$6.67
/ccg/04Q/lpzomnibus/,20181003,16,2,00:01:12,0,0.00%,0.00%,$0.00
/ccg/10V/measures/?tags=lowpriority,20181005,16,1,00:00:31,0,0.00%,0.00%,$10.00
/ccg/99N/measures/?tags=lowpriority,20181011,13,1,00:00:35,0,0.00%,0.00%,$0.00
/ccg/10K/lpzomnibus/,20181005,12,3,00:00:31,0,0.00%,0.00%,$3.33
/ccg/10K/measures/?tags=lowpriority,20181005,12,2,00:00:47,0,0.00%,8.33%,$0.00
/ccg/05G/measures/?tags=lowpriority,20180815,9,1,00:00:33,0,0.00%,0.00%,$0.00
/ccg/12F/measures/?tags=lowpriority,20181009,9,3,00:02:24,0,0.00%,0.00%,$10.00
/ccg/99P/measures/#lpzomnibus,20180926,8,5,00:05:19,2,50.00%,25.00%,$0.00
/ccg/03L/measures/?tags=lowpriority,20181018,7,1,00:00:28,0,0.00%,0.00%,$0.00
/ccg/04D/measures/?tags=lowpriority,20180917,7,5,00:05:10,5,60.00%,71.43%,$0.00
/ccg/04E/measures/?tags=lowpriority,20180826,7,1,00:00:30,0,0.00%,0.00%,$0.00
/ccg/10V/lplutein/,20181017,7,1,00:00:16,0,0.00%,0.00%,$0.00
/ccg/10V/lpzomnibus/,20181005,7,1,00:01:47,0,0.00%,0.00%,$0.00
/ccg/12F/measures/?tags=lowpriority,20181011,7,3,00:03:56,3,0.00%,0.00%,$10.00
/ccg/04D/measures/?tags=lowpriority,20180830,6,4,00:11:20,4,75.00%,66.67%,$0.00
/ccg/04D/measures/?tags=lowpriority,20180913,6,3,00:23:54,3,66.67%,50.00%,$3.33
/ccg/08E/measures/?tags=lowpriority,20181015,6,1,00:00:39,0,0.00%,0.00%,$0.00
/ccg/99P/measures/?tags=lowpriority,20180807,6,1,00:00:57,0,0.00%,0.00%,$0.00
/ccg/99Q/measures/?tags=lowpriority,20180910,6,2,00:08:16,1,0.00%,16.67%,$5.00
/ccg/01X/measures/?tags=lowpriority,20181013,5,1,00:00:50,0,0.00%,20.00%,$10.00
/ccg/03L/lprubefacients/,20181018,5,1,00:00:23,0,0.00%,0.00%,$0.00
/ccg/03T/measures/?tags=lowpriority,20181005,5,1,00:03:07,0,0.00%,0.00%,$0.00
/ccg/04D/measures/?tags=lowpriority,20180911,5,5,00:00:00,5,100.00%,100.00%,$0.00
/ccg/04D/measures/?tags=lowpriority,20180914,5,4,00:13:20,4,75.00%,80.00%,$0.00
/ccg/05W/measures/?tags=lowpriority,20180822,5,1,00:00:48,0,0.00%,0.00%,$0.00
/ccg/06H/measures/?tags=lowpriority,20181004,5,3,00:08:41,0,0.00%,40.00%,$3.33
/ccg/08E/lpzomnibus/,20181015,5,1,00:00:36,0,0.00%,0.00%,$0.00
/ccg/08R/lpzomnibus/,20180924,5,1,00:00:12,0,0.00%,0.00%,$10.00
/ccg/09C/measures/?tags=lowpriority,20180822,5,3,00:00:19,1,100.00%,40.00%,$3.33
/ccg/11M/lpliothyronine/,20181004,5,3,00:02:49,0,0.00%,20.00%,$3.33
/ccg/11M/measures/#lpzomnibus,20181018,5,2,00:01:35,2,0.00%,20.00%,$10.00
/ccg/12F/measures/?tags=lowpriority,20181003,5,3,00:02:00,0,0.00%,20.00%,$0.00
/ccg/12F/measures/?tags=lowpriority,20181004,5,3,00:01:59,0,0.00%,0.00%,$10.00
/ccg/99A/measures/?tags=lowpriority,20180815,5,4,00:04:21,0,0.00%,40.00%,$7.50
/ccg/99K/lpliothyronine/,20181004,5,5,00:07:59,2,100.00%,80.00%,$2.00
/ccg/99P/?tags=lowpriority,20180926,5,3,00:00:07,1,0.00%,0.00%,$3.33
/ccg/99P/lpoxycodone/,20180927,5,2,00:09:30,1,0.00%,20.00%,$5.00
/ccg/99P/measures/?tags=lowpriority,20180927,5,3,00:06:54,1,0.00%,0.00%,$6.67
/ccg/99Q/measures/?tags=lowpriority,20181015,5,2,00:00:47,0,0.00%,20.00%,$0.00
/measure/lpcoprox/ccg/99Q/,20180926,5,2,00:00:11,0,0.00%,20.00%,$5.00
/measure/lpliothyronine/ccg/09J/,20180807,5,2,00:03:33,1,100.00%,40.00%,$5.00
/ccg/03L/lpcoprox/,20181019,4,3,00:00:26,1,100.00%,25.00%,$3.33
/ccg/04D/measures/?tags=lowpriority,20180824,4,3,00:20:20,3,66.67%,75.00%,$0.00
/ccg/04D/measures/?tags=lowpriority,20180828,4,3,00:19:15,3,66.67%,75.00%,$0.00
/ccg/04D/measures/?tags=lowpriority,20180918,4,3,00:05:37,3,66.67%,75.00%,$0.00
/ccg/04Q/measures/?tags=lowpriority,20181003,4,2,00:01:00,0,0.00%,0.00%,$5.00
/ccg/05W/lptrimipramine/,20180815,4,1,00:00:29,0,0.00%,0.00%,$5.00
/ccg/06K/measures/?tags=lowpriority,20181005,4,1,00:00:48,0,0.00%,25.00%,$10.00
/ccg/06M/measures/?tags=lowpriority,20181004,4,2,00:00:32,0,0.00%,0.00%,$5.00
/ccg/08G/measures/#lpzomnibus,20180809,4,1,00:02:08,0,0.00%,25.00%,$0.00
/ccg/10V/measures/?tags=lowpriority,20181017,4,1,00:00:45,0,0.00%,25.00%,$10.00
/ccg/11A/measures/?tags=lowpriority,20181003,4,2,00:04:04,1,0.00%,50.00%,$5.00
/ccg/11E/measures/?tags=lowpriority,20181011,4,1,00:00:58,0,0.00%,0.00%,$10.00
/ccg/11N/measures/?tags=lowpriority,20180920,4,1,00:00:37,0,0.00%,25.00%,$0.00
/ccg/11N/measures/?tags=lowpriority,20181003,4,3,00:02:25,0,0.00%,50.00%,$6.67
/ccg/11X/lpzomnibus/,20181007,4,1,00:00:26,0,0.00%,25.00%,$0.00
/ccg/12F/measures/?tags=lowpriority,20181008,4,3,00:00:30,0,0.00%,0.00%,$6.67
/ccg/99A/lptadalafil/,20181009,4,1,00:00:52,0,0.00%,0.00%,$10.00
/ccg/99A/lpzomnibus/,20180829,4,1,00:00:24,0,0.00%,0.00%,$0.00
/ccg/99P/measures/?tags=lowpriority,20181007,4,1,00:01:36,0,0.00%,0.00%,$0.00
/ccg/99Q/?tags=lowpriority,20180926,4,3,00:00:54,0,0.00%,0.00%,$6.67
/measure/lpoxycodone/ccg/99P/,20180926,4,2,00:01:10,0,0.00%,0.00%,$0.00
/ccg/00R/lpzomnibus/,20181016,3,1,00:00:24,1,0.00%,0.00%,$10.00
/ccg/02T/lplutein/,20180810,3,1,00:02:07,0,0.00%,0.00%,$0.00
/ccg/03L/measures/?tags=lowpriority,20181019,3,2,00:00:12,0,0.00%,0.00%,$5.00
/ccg/03N/measures/?tags=lowpriority,20181019,3,1,00:00:41,0,0.00%,0.00%,$10.00
/ccg/04D/measures/?tags=lowpriority,20180823,3,2,00:18:38,1,0.00%,66.67%,$0.00
/ccg/04D/measures/?tags=lowpriority,20180829,3,3,00:00:00,3,100.00%,100.00%,$0.00
/ccg/04G/lpliothyronine/,20181004,3,2,00:00:47,0,0.00%,66.67%,$5.00
/ccg/04J/lpliothyronine/,20181004,3,2,00:00:22,0,0.00%,0.00%,$10.00
/ccg/04R/lpliothyronine/,20181004,3,3,00:01:48,0,0.00%,33.33%,$6.67
/ccg/05L/measures/?tags=lowpriority,20181015,3,2,00:00:59,0,0.00%,33.33%,$5.00
/ccg/05W/lpzomnibus/,20180822,3,1,00:00:31,0,0.00%,0.00%,$10.00
/ccg/05W/measures/?tags=lowpriority,20180815,3,2,00:01:50,0,0.00%,0.00%,$7.50
/ccg/05W/measures/?tags=lowpriority,20180925,3,1,00:01:08,0,0.00%,0.00%,$0.00
/ccg/06H/lpzomnibus/,20180822,3,1,00:00:49,0,0.00%,0.00%,$10.00
/ccg/06H/measures/?tags=lowpriority,20180912,3,2,00:00:31,0,0.00%,0.00%,$2.50
/ccg/06H/measures/?tags=lowpriority,20181005,3,2,00:00:33,2,50.00%,66.67%,$0.00
/ccg/06L/lpzomnibus/,20181005,3,1,00:00:15,0,0.00%,0.00%,$20.00
/ccg/06M/lpzomnibus/,20181004,3,2,00:00:16,1,0.00%,0.00%,$5.00
/ccg/06T/measures/?tags=lowpriority,20180817,3,3,00:00:46,1,100.00%,66.67%,$6.67
/ccg/06V/lpzomnibus/,20181004,3,1,00:02:49,0,0.00%,0.00%,$0.00
/ccg/06V/measures/?tags=lowpriority,20181004,3,1,00:01:14,0,0.00%,0.00%,$0.00
/ccg/07K/measures/?tags=lowpriority,20180912,3,1,00:00:18,0,0.00%,0.00%,$10.00
/ccg/07R/measures/?tags=lowpriority,20180925,3,1,00:02:42,0,0.00%,33.33%,$0.00
/ccg/07V/lpzomnibus/,20180913,3,1,00:00:47,0,0.00%,33.33%,$10.00
/ccg/07V/measures/?tags=lowpriority,20180822,3,1,00:01:05,0,0.00%,0.00%,$10.00
/ccg/07X/measures/?tags=lowpriority,20180921,3,1,00:00:14,0,0.00%,0.00%,$10.00
/ccg/08G/measures/?tags=lowpriority,20180919,3,3,00:00:44,3,66.67%,66.67%,$0.00
/ccg/08H/lpzomnibus/,20180908,3,1,00:00:57,0,0.00%,0.00%,$10.00
/ccg/08H/measures/?tags=lowpriority,20180908,3,1,00:00:25,0,0.00%,0.00%,$0.00
/ccg/08R/lpzomnibus/,20180921,3,1,00:00:25,0,0.00%,0.00%,$0.00
/ccg/09A/lplidocaine/,20180806,3,3,00:02:27,1,0.00%,33.33%,$3.33
/ccg/09G/measures/?tags=lowpriority,20180925,3,1,00:06:03,0,0.00%,0.00%,$0.00
/ccg/09L/measures/#lpzomnibus,20180806,3,1,00:00:20,0,0.00%,0.00%,$0.00
/ccg/10V/lptrimipramine/,20181005,3,1,00:00:33,0,0.00%,33.33%,$0.00
/ccg/10X/measures/?tags=lowpriority,20181003,3,1,00:01:41,0,0.00%,0.00%,$10.00
/ccg/11M/measures/?tags=lowpriority,20181004,3,1,00:01:17,0,0.00%,0.00%,$10.00
/ccg/11M/measures/?tags=lowpriority,20181018,3,3,00:11:57,0,0.00%,0.00%,$13.33
/ccg/11X/lpzomnibus/,20180906,3,1,00:00:11,0,0.00%,0.00%,$0.00
/ccg/11X/measures/?tags=lowpriority,20180807,3,1,00:00:39,0,0.00%,0.00%,$0.00
/ccg/11X/measures/?tags=lowpriority,20180906,3,1,00:01:10,0,0.00%,0.00%,$0.00
/ccg/12F/measures/?tags=lowpriority,20181010,3,2,00:00:32,0,0.00%,0.00%,$10.00
/ccg/13T/measures/?tags=lowpriority,20180921,3,1,00:00:37,0,0.00%,0.00%,$0.00
/ccg/13T/measures/?tags=lowpriority,20180928,3,1,00:00:16,0,0.00%,0.00%,$0.00
/ccg/14Y/lpzomnibus/,20180927,3,3,00:01:55,2,50.00%,66.67%,$3.33
/ccg/15C/measures/#lpzomnibus,20180830,3,1,00:01:47,1,0.00%,0.00%,$10.00
/ccg/15F/lpzomnibus/,20181009,3,1,00:00:04,0,0.00%,0.00%,$10.00
/ccg/99N/lpliothyronine/,20181005,3,2,00:02:45,0,0.00%,0.00%,$10.00
/ccg/99N/lpzomnibus/,20181004,3,1,00:01:23,0,0.00%,0.00%,$25.00
/ccg/99N/lpzomnibus/,20181011,3,1,00:01:50,0,0.00%,0.00%,$0.00
/ccg/99P/lpzomnibus/,20180926,3,3,00:00:46,0,0.00%,33.33%,$0.00
/ccg/99P/measures/?tags=lowpriority,20180921,3,2,00:07:31,0,0.00%,33.33%,$10.00
/ccg/99P/measures/?tags=lowpriority,20180924,3,1,00:00:55,1,0.00%,33.33%,$10.00
/ccg/99P/measures/?tags=lowpriority,20181015,3,2,00:01:55,0,0.00%,0.00%,$0.00
/ccg/99P/measures/#lpzomnibus,20180912,3,2,00:10:16,1,0.00%,33.33%,$5.00
/ccg/99Q/measures/#lpzomnibus,20180926,3,3,00:00:11,1,0.00%,0.00%,$3.33
/measure/lpcoprox/ccg/02P/,20180918,3,1,00:00:34,0,0.00%,33.33%,$0.00
/measure/lpcoprox/ccg/05G/?tags=cost,20180815,3,1,00:00:14,0,0.00%,0.00%,$0.00
/measure/lpfentanylir/ccg/04M/,20181003,3,2,00:02:35,0,0.00%,33.33%,$0.00
/measure/lpfentanylir/ccg/99Q/,20180926,3,1,00:00:34,0,0.00%,0.00%,$0.00
/measure/lplidocaine/ccg/99P/,20180926,3,2,00:01:20,0,0.00%,0.00%,$0.00
/measure/lplidocaine/ccg/99Q/,20180926,3,2,00:00:29,0,0.00%,0.00%,$0.00
/measure/lpoxycodone/ccg/99Q/,20180926,3,2,00:03:26,0,0.00%,0.00%,$0.00
/ccg/00C/?tags=lowpriority,20180831,2,1,00:00:11,0,0.00%,0.00%,$10.00
/ccg/00D/measures/?tags=lowpriority,20181005,2,1,00:01:36,0,0.00%,0.00%,$10.00
/ccg/00J/measures/?tags=lowpriority,20180814,2,1,00:00:50,0,0.00%,0.00%,$10.00
/ccg/00L/measures/?tags=lowpriority,20180924,2,2,00:00:00,1,100.00%,100.00%,$0.00
/ccg/00Q/measures/?tags=lowpriority,20180917,2,2,00:05:44,1,100.00%,50.00%,$5.00
/ccg/00R/measures/?tags=lowpriority,20180907,2,1,00:00:40,0,0.00%,0.00%,$0.00
/ccg/00R/measures/?tags=lowpriority,20181020,2,1,00:00:09,0,0.00%,0.00%,$10.00
/ccg/00R/measures/?tags=lowpriority,20181024,2,1,00:00:14,0,0.00%,0.00%,$10.00
/ccg/00X/lpzomnibus/,20181019,2,1,00:00:27,0,0.00%,0.00%,$0.00
/ccg/00X/measures/?tags=lowpriority,20181021,2,1,00:00:47,0,0.00%,0.00%,$10.00
/ccg/01C/lpliothyronine/,20181004,2,1,00:00:10,0,0.00%,0.00%,$0.00
/ccg/01C/measures/?tags=lowpriority,20181023,2,1,00:00:08,0,0.00%,0.00%,$0.00
/ccg/01D/lphomeopathy/,20180912,2,1,00:00:08,0,0.00%,0.00%,$0.00
/ccg/01G/lpdoxazosin/,20181013,2,1,00:00:28,0,0.00%,0.00%,$10.00
/ccg/01G/lpzomnibus/,20181009,2,2,00:00:11,0,0.00%,0.00%,$10.00
/ccg/01H/measures/?tags=lowpriority,20181004,2,2,00:00:00,1,100.00%,100.00%,$0.00
/ccg/01H/measures/?tags=lowpriority,20181005,2,2,00:00:00,2,100.00%,100.00%,$0.00
/ccg/01H/measures/?tags=lowpriority,20181013,2,1,00:01:12,0,0.00%,0.00%,$0.00
/ccg/01X/lpdosulepin/,20181013,2,1,00:00:17,0,0.00%,0.00%,$0.00
/ccg/01X/lpzomnibus/,20180925,2,1,00:00:14,0,0.00%,0.00%,$0.00
/ccg/01X/measures/?tags=lowpriority,20180823,2,1,00:00:17,0,0.00%,0.00%,$0.00
/ccg/02F/measures/?tags=lowpriority,20180927,2,1,00:00:22,0,0.00%,0.00%,$0.00
/ccg/02M/lpzomnibus/,20181019,2,1,00:00:51,0,0.00%,0.00%,$0.00
/ccg/02M/measures/?tags=lowpriority,20181019,2,1,00:01:00,0,0.00%,50.00%,$0.00
/ccg/02N/measures/?tags=lowpriority,20180903,2,1,00:01:05,0,0.00%,0.00%,$0.00
/ccg/02N/measures/?tags=lowpriority,20180927,2,1,00:00:14,0,0.00%,0.00%,$10.00
/ccg/02N/measures/?tags=lowpriority,20181008,2,1,00:07:04,0,0.00%,0.00%,$0.00
/ccg/02P/lpcoprox/,20180918,2,1,00:00:27,0,0.00%,0.00%,$0.00
/ccg/02P/measures/?tags=lowpriority,20180911,2,1,00:04:13,0,0.00%,0.00%,$0.00
/ccg/02T/lpzomnibus/,20180810,2,2,00:00:05,0,0.00%,0.00%,$0.00
/ccg/02T/measures/?tags=lowpriority,20180810,2,1,00:00:30,0,0.00%,0.00%,$0.00
/ccg/02T/measures/?tags=lowpriority,20181018,2,1,00:01:18,0,0.00%,0.00%,$10.00
/ccg/02T/measures/#lpzomnibus,20181018,2,1,00:01:06,1,0.00%,50.00%,$10.00
/ccg/02X/lpoxycodone/,20181011,2,1,00:00:44,0,0.00%,0.00%,$0.00
/ccg/02Y/lpliothyronine/,20181004,2,2,00:01:00,0,0.00%,0.00%,$10.00
/ccg/03A/measures/?tags=lowpriority,20180925,2,1,00:00:30,0,0.00%,50.00%,$0.00
/ccg/03D/lpzomnibus/,20180905,2,1,00:02:46,0,0.00%,0.00%,$0.00
/ccg/03E/lpliothyronine/,20180809,2,2,00:14:46,0,0.00%,0.00%,$0.00
/ccg/03E/lpzomnibus/,20181003,2,1,00:00:06,0,0.00%,0.00%,$0.00
/ccg/03E/measures/?tags=lowpriority,20180809,2,2,00:00:57,0,0.00%,0.00%,$0.00
/ccg/03J/lptrimipramine/,20180820,2,2,00:00:00,1,100.00%,100.00%,$0.00
/ccg/03J/measures/?tags=lowpriority,20180820,2,1,00:02:52,0,0.00%,0.00%,$10.00
/ccg/03L/lpdoxazosin/,20181019,2,1,00:00:16,0,0.00%,0.00%,$0.00
/ccg/03L/lpglucosamine/,20181018,2,1,00:00:28,0,0.00%,0.00%,$0.00
/ccg/03L/lprubefacients/,20181023,2,1,00:00:22,0,0.00%,0.00%,$0.00
/ccg/03L/measures/?tags=lowpriority,20180813,2,1,00:15:26,0,0.00%,0.00%,$10.00
/ccg/03L/measures/?tags=lowpriority,20180814,2,1,00:00:35,0,0.00%,0.00%,$15.00
/ccg/03L/measures/?tags=lowpriority,20181002,2,2,00:01:46,0,0.00%,0.00%,$15.00
/ccg/03L/measures/?tags=lowpriority,20181004,2,1,00:03:34,0,0.00%,0.00%,$10.00
/ccg/03L/measures/?tags=lowpriority,20181017,2,2,00:06:59,0,0.00%,0.00%,$20.00
/ccg/03L/measures/?tags=lowpriority,20181023,2,1,00:00:52,0,0.00%,0.00%,$10.00
/ccg/03N/lpzomnibus/,20181023,2,1,00:00:23,0,0.00%,0.00%,$0.00
/ccg/03N/measures/?tags=lowpriority,20180831,2,1,00:00:13,0,0.00%,0.00%,$0.00
/ccg/03Q/measures/?tags=lowpriority,20181005,2,2,00:01:26,0,0.00%,0.00%,$15.00
/ccg/03T/lptadalafil/,20180921,2,2,00:00:00,1,100.00%,100.00%,$0.00
/ccg/03T/measures/?tags=lowpriority,20181011,2,1,00:14:23,0,0.00%,50.00%,$0.00
/ccg/03V/lpzomnibus/,20181024,2,1,00:00:19,0,0.00%,0.00%,$10.00
/ccg/03W/lpzomnibus/,20181010,2,1,00:00:37,0,0.00%,0.00%,$0.00
/ccg/03W/measures/?tags=lowpriority,20180815,2,2,00:00:13,0,0.00%,0.00%,$0.00
/ccg/03W/measures/?tags=lowpriority,20181010,2,1,00:00:51,0,0.00%,0.00%,$0.00
/ccg/04D/measures/?tags=lowpriority,20181004,2,1,00:01:57,0,0.00%,0.00%,$0.00
/ccg/04E/?tags=lowpriority,20180911,2,1,00:00:10,0,0.00%,50.00%,$0.00
/ccg/04E/lpcoprox/,20180910,2,1,00:00:28,0,0.00%,0.00%,$0.00
/ccg/04G/measures/?tags=lowpriority,20180813,2,1,00:00:45,0,0.00%,50.00%,$10.00
/ccg/04K/lpzomnibus/,20181004,2,1,00:00:48,0,0.00%,0.00%,$0.00
/ccg/04K/lpzomnibus/,20181010,2,1,00:00:18,0,0.00%,0.00%,$10.00
/ccg/04K/measures/?tags=lowpriority,20180816,2,1,00:00:18,0,0.00%,0.00%,$10.00
/ccg/04K/measures/?tags=lowpriority,20181010,2,1,00:01:50,0,0.00%,0.00%,$0.00
/ccg/04K/measures/?tags=lowpriority,20181019,2,2,00:00:00,1,100.00%,100.00%,$0.00
/ccg/04M/lpzomnibus/,20181014,2,1,00:00:53,0,0.00%,0.00%,$10.00
/ccg/05A/measures/?tags=lowpriority,20180917,2,1,00:00:45,0,0.00%,0.00%,$10.00
/ccg/05G/lpcoprox/,20180815,2,1,00:00:24,0,0.00%,0.00%,$0.00
/ccg/05G/lptrimipramine/,20180815,2,1,00:00:15,0,0.00%,0.00%,$10.00
/ccg/05G/lpzomnibus/,20180815,2,1,00:00:21,0,0.00%,0.00%,$0.00
/ccg/05G/measures/?tags=lowpriority,20180910,2,1,00:00:34,0,0.00%,0.00%,$0.00
/ccg/05R/lpzomnibus/,20180910,2,1,00:00:09,0,0.00%,0.00%,$10.00
/ccg/05T/lpzomnibus/,20181015,2,1,00:00:37,0,0.00%,0.00%,$10.00
/ccg/05T/measures/?tags=lowpriority,20181022,2,1,00:00:08,0,0.00%,0.00%,$0.00
/ccg/05V/lpliothyronine/,20181004,2,1,00:01:22,0,0.00%,0.00%,$10.00
/ccg/05W/lptrimipramine/,20180822,2,1,00:00:14,0,0.00%,0.00%,$0.00
/ccg/05Y/lprubefacients/,20180911,2,1,00:00:14,0,0.00%,0.00%,$0.00
/ccg/05Y/measures/?tags=lowpriority,20180911,2,1,00:00:17,0,0.00%,0.00%,$0.00
/ccg/06F/lpzomnibus/,20180828,2,1,00:00:07,0,0.00%,50.00%,$0.00
/ccg/06F/lpzomnibus/,20180919,2,1,00:00:54,0,0.00%,0.00%,$0.00
/ccg/06F/measures/?tags=lowpriority,20180828,2,2,00:01:16,0,0.00%,0.00%,$5.00
/ccg/06H/lpliothyronine/,20180912,2,1,00:01:05,0,0.00%,0.00%,$5.00
/ccg/06H/measures/?tags=lowpriority,20180831,2,1,00:00:13,0,0.00%,0.00%,$5.00
/ccg/06H/measures/?tags=lowpriority,20180919,2,1,00:00:28,0,0.00%,0.00%,$10.00
/ccg/06H/measures/?tags=lowpriority,20181008,2,2,00:00:00,1,100.00%,100.00%,$0.00
/ccg/06K/measures/?tags=lowpriority,20181010,2,2,00:01:16,0,0.00%,0.00%,$5.00
/ccg/06M/measures/?tags=lowpriority,20180822,2,2,00:01:24,1,0.00%,50.00%,$5.00
/ccg/06M/measures/?tags=lowpriority,20181003,2,1,00:00:13,0,0.00%,0.00%,$10.00
/ccg/06N/lpzomnibus/,20180823,2,1,00:02:34,0,0.00%,0.00%,$0.00
/ccg/06N/measures/?tags=lowpriority,20180818,2,1,00:01:52,0,0.00%,0.00%,$10.00
/ccg/06N/measures/?tags=lowpriority,20180906,2,1,00:01:14,0,0.00%,0.00%,$0.00
/ccg/06N/measures/?tags=lowpriority,20180918,2,2,00:02:25,0,0.00%,0.00%,$5.00
/ccg/06P/lpzomnibus/,20180912,2,1,00:00:28,0,0.00%,0.00%,$10.00
/ccg/06Q/lptadalafil/,20180829,2,2,00:01:39,0,0.00%,0.00%,$0.00
/ccg/06Q/measures/?tags=lowpriority,20180829,2,2,00:02:15,0,0.00%,0.00%,$10.00
/ccg/06T/lptravelvacs/,20181023,2,1,00:00:25,0,0.00%,0.00%,$10.00
/ccg/07L/measures/?tags=lowpriority,20180924,2,1,00:00:07,0,0.00%,0.00%,$0.00
/ccg/07P/measures/?tags=lowpriority,20180928,2,1,00:00:27,0,0.00%,0.00%,$0.00
/ccg/07R/measures/?tags=lowpriority,20181024,2,2,00:00:29,0,0.00%,0.00%,$15.00
/ccg/07V/lpzomnibus/,20180822,2,1,00:00:47,0,0.00%,0.00%,$20.00
/ccg/07X/lpcoprox/,20180930,2,1,00:01:38,0,0.00%,0.00%,$10.00
/ccg/07X/lpomega3/,20180906,2,2,00:00:00,1,100.00%,100.00%,$0.00
/ccg/07X/measures/?tags=lowpriority,20180906,2,2,00:00:15,0,0.00%,0.00%,$5.00
/ccg/07Y/lpzomnibus/,20181004,2,1,00:03:08,0,0.00%,0.00%,$10.00
/ccg/08C/measures/?tags=lowpriority,20180816,2,2,00:01:05,0,0.00%,0.00%,$5.00
/ccg/08D/?tags=lowpriority,20180827,2,1,00:00:15,1,0.00%,50.00%,$10.00
/ccg/08E/measures/?tags=lowpriority,20180912,2,1,00:01:31,0,0.00%,50.00%,$0.00
/ccg/08G/?tags=lowpriority,20180809,2,1,00:00:14,0,0.00%,0.00%,$0.00
/ccg/08G/measures/?tags=lowpriority,20180918,2,2,00:11:44,0,0.00%,50.00%,$0.00
/ccg/08G/measures/#lpzomnibus,20180807,2,2,00:00:00,2,100.00%,100.00%,$0.00
/ccg/08H/measures/?tags=lowpriority,20180920,2,1,00:00:15,0,0.00%,0.00%,$10.00
/ccg/08L/measures/?tags=lowpriority,20180924,2,1,00:00:06,0,0.00%,50.00%,$10.00
/ccg/08P/measures/?tags=lowpriority,20180920,2,1,00:00:20,0,0.00%,0.00%,$10.00
/ccg/08X/measures/?tags=lowpriority,20180911,2,1,00:00:17,0,0.00%,0.00%,$10.00
/ccg/08X/measures/?tags=lowpriority,20181008,2,1,00:00:11,0,0.00%,0.00%,$0.00
/ccg/09A/measures/?tags=lowpriority,20180910,2,1,00:02:25,0,0.00%,0.00%,$20.00
/ccg/09A/measures/?tags=lowpriority,20180918,2,1,00:00:09,0,0.00%,0.00%,$0.00
/ccg/09G/measures/?tags=lowpriority,20180921,2,1,00:10:11,0,0.00%,50.00%,$0.00
/ccg/09L/lpzomnibus/,20180806,2,1,00:00:33,0,0.00%,50.00%,$0.00
/ccg/09P/lpperindopril/,20180821,2,1,00:00:26,0,0.00%,0.00%,$0.00
/ccg/09P/measures/?tags=lowpriority,20181019,2,1,00:00:27,0,0.00%,0.00%,$0.00
/ccg/09W/measures/#lpzomnibus,20180903,2,1,00:05:23,1,0.00%,0.00%,$10.00
/ccg/09Y/?tags=lowpriority,20180817,2,1,00:00:15,0,0.00%,50.00%,$10.00
/ccg/09Y/lpzomnibus/,20180829,2,1,00:00:26,0,0.00%,50.00%,$0.00
/ccg/10J/measures/?tags=lowpriority,20181001,2,1,00:00:36,0,0.00%,0.00%,$15.00
/ccg/10K/?tags=lowpriority,20180808,2,2,00:00:41,1,0.00%,0.00%,$5.00
/ccg/10K/lpcoprox/,20181005,2,2,00:02:12,0,0.00%,0.00%,$0.00
/ccg/10K/lplutein/,20181005,2,2,00:00:46,0,0.00%,0.00%,$0.00
/ccg/10L/measures/?tags=lowpriority,20180903,2,1,00:00:41,0,0.00%,0.00%,$10.00
/ccg/10Q/measures/?tags=lowpriority,20181018,2,2,00:00:31,0,0.00%,0.00%,$12.50
/ccg/10R/lpliothyronine/,20181004,2,1,00:00:38,0,0.00%,0.00%,$0.00
/ccg/10R/measures/?tags=lowpriority,20180904,2,2,00:00:28,0,0.00%,50.00%,$5.00
/ccg/10V/lpcoprox/,20181005,2,1,00:00:39,0,0.00%,0.00%,$0.00
/ccg/10V/lpomega3/,20181017,2,1,00:00:52,0,0.00%,0.00%,$0.00
/ccg/10V/lpzomnibus/,20181009,2,1,00:00:33,0,0.00%,0.00%,$10.00
/ccg/10X/measures/?tags=lowpriority,20180927,2,1,00:01:25,0,0.00%,0.00%,$10.00
/ccg/10X/measures/?tags=lowpriority,20181024,2,1,00:00:31,0,0.00%,50.00%,$0.00
/ccg/10Y/measures/?tags=lowpriority,20180919,2,2,00:13:48,0,0.00%,0.00%,$5.00
/ccg/11A/measures/?tags=lowpriority,20181011,2,2,00:00:51,0,0.00%,50.00%,$5.00
/ccg/11E/lptravelvacs/,20181023,2,1,00:00:34,0,0.00%,0.00%,$10.00
/ccg/11E/lpzomnibus/,20180813,2,1,00:01:02,0,0.00%,0.00%,$10.00
/ccg/11E/measures/?tags=lowpriority,20180907,2,1,00:00:16,0,0.00%,0.00%,$0.00
/ccg/11M/lpzomnibus/,20180921,2,1,00:00:23,0,0.00%,0.00%,$10.00
/ccg/11M/lpzomnibus/,20181010,2,1,00:00:13,0,0.00%,0.00%,$10.00
/ccg/11N/?tags=lowpriority,20180904,2,1,00:00:25,0,0.00%,50.00%,$10.00
/ccg/11N/lpliothyronine/,20181004,2,2,00:00:35,0,0.00%,0.00%,$10.00
/ccg/11N/lpzomnibus/,20181012,2,1,00:00:15,0,0.00%,0.00%,$10.00
/ccg/11N/measures/?tags=lowpriority,20181004,2,1,00:00:41,0,0.00%,0.00%,$10.00
/ccg/11X/?tags=lowpriority,20180906,2,1,00:00:47,0,0.00%,0.00%,$0.00
/ccg/11X/lptravelvacs/,20180807,2,1,00:02:33,0,0.00%,0.00%,$0.00
/ccg/11X/lpzomnibus/,20181002,2,1,00:00:20,0,0.00%,0.00%,$0.00
/ccg/11X/measures/?tags=lowpriority,20181002,2,1,00:00:09,0,0.00%,0.00%,$0.00
/ccg/12D/measures/#lpzomnibus,20180831,2,1,00:00:44,1,0.00%,0.00%,$10.00
/ccg/12F/lplidocaine/,20181009,2,2,00:01:57,0,0.00%,0.00%,$5.00
/ccg/12F/lptramadolpara/,20181009,2,1,00:01:07,0,0.00%,0.00%,$0.00
/ccg/12F/measures/?tags=lowpriority,20181005,2,1,00:00:56,0,0.00%,0.00%,$10.00
/ccg/12F/measures/?tags=lowpriority,20181012,2,2,00:00:11,2,0.00%,0.00%,$10.00
/ccg/13T/lphomeopathy/,20180928,2,1,00:00:26,0,0.00%,0.00%,$0.00
/ccg/14Y/measures/?tags=lowpriority,20180822,2,1,00:00:36,0,0.00%,0.00%,$10.00
/ccg/14Y/measures/?tags=lowpriority,20180925,2,2,00:05:15,0,0.00%,50.00%,$5.00
/ccg/15C/lphomeopathy/,20181018,2,1,00:01:05,0,0.00%,50.00%,$0.00
/ccg/15C/measures/?tags=lowpriority,20180809,2,2,00:02:35,0,0.00%,0.00%,$5.00
/ccg/15C/measures/?tags=lowpriority,20180810,2,1,00:00:30,0,0.00%,0.00%,$0.00
/ccg/15C/measures/?tags=lowpriority,20180926,2,2,00:01:30,0,0.00%,0.00%,$5.00
/ccg/15C/measures/?tags=lowpriority,20181012,2,1,00:00:19,0,0.00%,0.00%,$10.00
/ccg/15D/measures/?tags=lowpriority,20180905,2,1,00:00:31,0,0.00%,0.00%,$10.00
/ccg/15F/measures/?tags=lowpriority,20180824,2,2,00:01:50,0,0.00%,0.00%,$5.00
/ccg/15F/measures/?tags=lowpriority,20181013,2,1,00:01:33,0,0.00%,0.00%,$0.00
/ccg/99J/measures/?tags=lowpriority,20180825,2,1,00:00:30,0,0.00%,0.00%,$0.00
/ccg/99K/measures/?tags=lowpriority,20180906,2,1,00:00:06,0,0.00%,0.00%,$0.00
/ccg/99K/measures/?tags=lowpriority,20181004,2,2,00:00:50,0,0.00%,0.00%,$5.00
/ccg/99N/lpdosulepin/,20181011,2,1,00:00:52,0,0.00%,0.00%,$0.00
/ccg/99N/lptadalafil/,20181011,2,1,00:01:34,0,0.00%,0.00%,$0.00
/ccg/99N/lptrimipramine/,20181004,2,1,00:01:11,0,0.00%,0.00%,$5.00
/ccg/99N/lpzomnibus/,20181023,2,1,00:00:54,0,0.00%,0.00%,$15.00
/ccg/99N/measures/?tags=lowpriority,20181004,2,1,00:00:52,0,0.00%,0.00%,$5.00
/ccg/99P/lplidocaine/,20181003,2,1,00:01:07,0,0.00%,0.00%,$0.00
/ccg/99P/lpzomnibus/,20180912,2,2,00:00:12,0,0.00%,50.00%,$5.00
/ccg/99P/lpzomnibus/,20180923,2,1,00:00:24,0,0.00%,0.00%,$0.00
/ccg/99P/lpzomnibus/,20181005,2,1,00:02:41,0,0.00%,0.00%,$10.00
/ccg/99P/lpzomnibus/,20181017,2,2,00:00:56,0,0.00%,0.00%,$5.00
/ccg/99P/measures/?tags=lowpriority,20181003,2,1,00:00:39,0,0.00%,0.00%,$0.00
/ccg/99P/measures/?tags=lowpriority,20181004,2,1,00:00:26,0,0.00%,0.00%,$0.00
/ccg/99P/measures/?tags=lowpriority,20181005,2,1,00:00:10,0,0.00%,0.00%,$10.00
/ccg/99P/measures/?tags=lowpriority,20181006,2,1,00:00:16,0,0.00%,0.00%,$0.00
/ccg/99P/measures/#lpzomnibus,20180921,2,2,00:01:19,1,0.00%,0.00%,$10.00
/ccg/99P/measures/#lpzomnibus,20180924,2,1,00:06:30,1,0.00%,0.00%,$10.00
/ccg/99Q/?tags=lowpriority,20180924,2,1,00:02:57,0,0.00%,0.00%,$10.00
/ccg/99Q/lpcoprox/,20180926,2,2,00:00:21,1,0.00%,0.00%,$5.00
/ccg/99Q/lpzomnibus/,20180904,2,2,00:00:06,0,0.00%,50.00%,$5.00
/ccg/99Q/measures/?tags=lowpriority,20180919,2,1,00:00:11,0,0.00%,0.00%,$0.00
/ccg/99Q/measures/?tags=lowpriority,20180924,2,2,00:20:53,0,0.00%,50.00%,$0.00
/ccg/99Q/measures/#lpzomnibus,20180912,2,1,00:00:17,0,0.00%,50.00%,$10.00
/ccg/99Q/measures/#lpzomnibus,20180924,2,2,00:15:29,0,0.00%,0.00%,$10.00
/ccg/B84008/lpzomnibus/,20180810,2,1,00:00:04,0,0.00%,0.00%,$0.00
/ccg/P87024/lpzomnibus/,20180816,2,1,00:00:02,0,0.00%,50.00%,$10.00
/measure/lpcoprox/ccg/02P/,20180911,2,1,00:00:22,0,0.00%,0.00%,$0.00
/measure/lpcoprox/ccg/05G/,20180815,2,1,00:00:14,0,0.00%,0.00%,$0.00
/measure/lpdoxazosin/ccg/08P/,20180920,2,1,00:01:01,0,0.00%,0.00%,$10.00
/measure/lpdoxazosin/ccg/99Q/,20180926,2,1,00:01:19,0,0.00%,0.00%,$0.00
/measure/lpfentanylir/ccg/15D/,20180817,2,1,00:00:28,0,0.00%,0.00%,$0.00
/measure/lpfentanylir/ccg/99P/,20180926,2,1,00:01:14,0,0.00%,0.00%,$0.00
/measure/lplidocaine/ccg/11X/,20180906,2,1,00:00:02,0,0.00%,0.00%,$0.00
/measure/lpliothyronine/ccg/10L/,20180823,2,1,00:00:27,0,0.00%,0.00%,$0.00
/measure/lpliothyronine/ccg/11M/,20181004,2,1,00:00:45,0,0.00%,0.00%,$0.00
/measure/lpliothyronine/ccg/99Q/,20181005,2,2,00:00:36,2,0.00%,0.00%,$0.00
/measure/lpomega3/ccg/04E/,20181020,2,1,00:00:47,0,0.00%,0.00%,$0.00
/measure/lpomega3/ccg/04G/,20180925,2,1,00:01:04,0,0.00%,50.00%,$10.00
/measure/lptadalafil/ccg/11X/,20180906,2,1,00:00:32,0,0.00%,50.00%,$0.00
/measure/lptramadolpara/ccg/02P/,20180918,2,1,00:00:10,0,0.00%,0.00%,$0.00
/measure/lptramadolpara/ccg/99Q/,20180926,2,1,00:02:04,0,0.00%,0.00%,$0.00
/measure/lptrimipramine/ccg/02P/,20180918,2,1,00:01:11,0,0.00%,0.00%,$0.00
/measure/lptrimipramine/ccg/05W/,20180925,2,1,00:01:59,0,0.00%,0.00%,$0.00
/measure/lptrimipramine/ccg/07R/,20180925,2,1,00:00:37,0,0.00%,0.00%,$0.00
/ccg/00C/lpzomnibus/,20180831,1,1,00:01:33,0,0.00%,0.00%,$0.00
/ccg/00C/measures/?tags=lowpriority,20180831,1,1,00:02:45,0,0.00%,0.00%,$10.00
/ccg/00D/lpzomnibus/,20181005,1,1,00:01:26,0,0.00%,0.00%,$10.00
/ccg/00J/measures/?tags=lowpriority,20181016,1,1,00:03:11,0,0.00%,0.00%,$0.00
/ccg/00L/lpzomnibus/,20181003,1,1,00:00:29,0,0.00%,0.00%,$0.00
/ccg/00M/lpliothyronine/,20181005,1,1,00:00:00,0,0.00%,100.00%,$0.00
/ccg/00M/measures/?tags=lowpriority,20181005,1,1,00:00:25,0,0.00%,0.00%,$0.00
/ccg/00N/lpzomnibus/,20180920,1,1,00:00:00,0,0.00%,100.00%,$0.00
/ccg/00N/lpzomnibus/,20181005,1,1,00:00:00,0,0.00%,100.00%,$0.00
/ccg/00N/measures/?tags=lowpriority,20181015,1,1,00:00:56,0,0.00%,0.00%,$20.00
/ccg/00P/measures/?tags=lowpriority,20180827,1,1,00:00:00,0,0.00%,100.00%,$0.00
/ccg/00P/measures/?tags=lowpriority,20180904,1,1,00:00:00,1,100.00%,100.00%,$0.00
/ccg/00P/measures/?tags=lowpriority,20180926,1,1,00:00:00,0,0.00%,100.00%,$0.00
/ccg/00P/measures/?tags=lowpriority,20180927,1,1,00:00:00,1,100.00%,100.00%,$0.00
/ccg/00Q/?tags=lowpriority,20180905,1,1,00:00:00,1,100.00%,100.00%,$0.00
/ccg/00Q/?tags=lowpriority,20180917,1,1,00:00:38,1,0.00%,0.00%,$10.00
/ccg/00Q/lpzomnibus/,20180915,1,1,00:00:00,0,0.00%,100.00%,$0.00
/ccg/00Q/measures/?tags=lowpriority,20180813,1,1,00:00:00,0,0.00%,100.00%,$0.00
/ccg/00Q/measures/?tags=lowpriority,20180821,1,1,00:01:02,0,0.00%,0.00%,$0.00
/ccg/00Q/measures/?tags=lowpriority,20180915,1,1,00:01:54,0,0.00%,0.00%,$0.00
/ccg/00R/lpcoprox/,20180907,1,1,00:01:16,0,0.00%,0.00%,$0.00
/ccg/00R/lpdosulepin/,20181020,1,1,00:00:13,0,0.00%,0.00%,$0.00
/ccg/00R/lpdoxazosin/,20181020,1,1,00:00:26,0,0.00%,0.00%,$0.00
/ccg/00R/lplidocaine/,20181020,1,1,00:00:31,0,0.00%,0.00%,$0.00
/ccg/00R/lpliothyronine/,20181020,1,1,00:00:22,0,0.00%,0.00%,$0.00
/ccg/00R/lpomega3/,20181020,1,1,00:00:14,0,0.00%,0.00%,$0.00
/ccg/00R/lpoxycodone/,20180907,1,1,00:01:00,0,0.00%,0.00%,$0.00
/ccg/00R/lpperindopril/,20181020,1,1,00:00:21,0,0.00%,0.00%,$0.00
/ccg/00R/lptramadolpara/,20181008,1,1,00:10:55,0,0.00%,0.00%,$10.00
/ccg/00R/lptramadolpara/,20181020,1,1,00:00:20,0,0.00%,0.00%,$0.00
/ccg/00R/lptrimipramine/,20180907,1,1,00:01:08,0,0.00%,0.00%,$0.00
/ccg/00R/lptrimipramine/,20181020,1,1,00:00:23,0,0.00%,0.00%,$0.00
/ccg/00R/lpzomnibus/,20180816,1,1,00:00:43,0,0.00%,0.00%,$0.00
/ccg/00R/lpzomnibus/,20180829,1,1,00:01:07,0,0.00%,0.00%,$10.00
/ccg/00R/lpzomnibus/,20180902,1,1,00:00:00,0,0.00%,100.00%,$0.00
/ccg/00R/lpzomnibus/,20181002,1,1,00:00:19,0,0.00%,0.00%,$0.00
/ccg/00R/measures/?tags=lowpriority,20180824,1,1,00:03:15,0,0.00%,0.00%,$0.00
/ccg/00R/measures/?tags=lowpriority,20181008,1,1,00:01:11,0,0.00%,0.00%,$10.00
/ccg/00T/lpzomnibus/,20181016,1,1,00:00:17,0,0.00%,0.00%,$10.00
/ccg/00T/lpzomnibus/,20181024,1,1,00:00:00,0,0.00%,100.00%,$10.00
/ccg/00T/measures/?tags=lowpriority,20180821,1,1,00:02:06,0,0.00%,0.00%,$0.00
/ccg/00T/measures/?tags=lowpriority,20180905,1,1,00:00:54,0,0.00%,0.00%,$10.00
/ccg/00T/measures/?tags=lowpriority,20181002,1,1,00:01:40,0,0.00%,0.00%,$0.00
/ccg/00T/measures/?tags=lowpriority,20181016,1,1,00:02:03,0,0.00%,0.00%,$0.00
/ccg/00V/lpzomnibus/,20181001,1,1,00:00:08,0,0.00%,0.00%,$0.00
/ccg/00V/lpzomnibus/,20181023,1,1,00:01:05,0,0.00%,0.00%,$0.00
/ccg/00V/measures/?tags=lowpriority,20180815,1,1,00:00:00,0,0.00%,100.00%,$0.00
/ccg/00V/measures/?tags=lowpriority,20181001,1,1,00:01:30,0,0.00%,0.00%,$0.00
/ccg/00X/lpdosulepin/,20181021,1,1,00:00:29,0,0.00%,0.00%,$0.00
/ccg/00X/measures/?tags=lowpriority,20180806,1,1,00:01:34,0,0.00%,0.00%,$0.00
/ccg/00X/measures/?tags=lowpriority,20180816,1,1,00:00:00,0,0.00%,100.00%,$10.00
/ccg/00X/measures/?tags=lowpriority,20181023,1,1,00:00:57,0,0.00%,0.00%,$0.00
/ccg/01A/lpzomnibus/,20180915,1,1,00:01:00,0,0.00%,0.00%,$10.00
/ccg/01A/lpzomnibus/,20181003,1,1,00:00:16,0,0.00%,0.00%,$0.00
/ccg/01A/measures/?tags=lowpriority,20180817,1,1,00:00:47,0,0.00%,0.00%,$10.00
/ccg/01A/measures/?tags=lowpriority,20180915,1,1,00:00:43,0,0.00%,0.00%,$0.00
/ccg/01C/measures/?tags=lowpriority,20181004,1,1,00:00:17,0,0.00%,0.00%,$10.00
/ccg/01D/measures/?tags=lowpriority,20180823,1,1,00:00:00,0,0.00%,100.00%,$0.00
/ccg/01E/lpcoprox/,20181023,1,1,00:00:00,0,0.00%,100.00%,$0.00
/ccg/01E/lpzomnibus/,20181015,1,1,00:00:13,0,0.00%,0.00%,$0.00
/ccg/01E/lpzomnibus/,20181023,1,1,00:00:00,0,0.00%,100.00%,$0.00
/ccg/01E/measures/?tags=lowpriority,20181021,1,1,00:00:00,0,0.00%,100.00%,$0.00
/ccg/01E/measures/?tags=lowpriority,20181023,1,1,00:00:31,0,0.00%,0.00%,$0.00
/ccg/01F/lpzomnibus/,20180817,1,1,00:00:32,0,0.00%,0.00%,$0.00
/ccg/01G/lpzomnibus/,20180813,1,1,00:00:00,1,100.00%,100.00%,$0.00
/ccg/01G/lpzomnibus/,20180815,1,1,00:00:00,1,100.00%,100.00%,$0.00
/ccg/01G/lpzomnibus/,20180819,1,1,00:00:00,1,100.00%,100.00%,$0.00
/ccg/01G/lpzomnibus/,20180828,1,1,00:01:33,0,0.00%,0.00%,$0.00
/ccg/01G/lpzomnibus/,20180831,1,1,00:00:00,0,0.00%,100.00%,$0.00
/ccg/01G/measures/?tags=lowpriority,20180809,1,1,00:00:48,0,0.00%,0.00%,$0.00
/ccg/01G/measures/#lpzomnibus,20180831,1,1,00:00:32,1,0.00%,0.00%,$0.00
/ccg/01H/lpzomnibus/,20181013,1,1,00:01:04,0,0.00%,0.00%,$10.00
/ccg/01H/measures/?tags=lowpriority,20180907,1,1,00:00:00,0,0.00%,100.00%,$0.00
/ccg/01H/measures/?tags=lowpriority,20180924,1,1,00:01:47,0,0.00%,0.00%,$0.00
/ccg/01H/measures/?tags=lowpriority,20181011,1,1,00:00:00,0,0.00%,100.00%,$0.00
/ccg/01H/measures/?tags=lowpriority,20181020,1,1,00:00:00,1,100.00%,100.00%,$0.00
/ccg/01H/measures/?tags=lowpriority,20181022,1,1,00:00:09,1,0.00%,0.00%,$0.00
/ccg/01J/lpzomnibus/,20181016,1,1,00:00:52,0,0.00%,0.00%,$10.00
/ccg/01J/measures/?tags=lowpriority,20180906,1,1,00:00:00,0,0.00%,100.00%,$0.00
/ccg/01K/lpzomnibus/,20181001,1,1,00:00:51,0,0.00%,0.00%,$0.00
/ccg/01R/measures/?tags=lowpriority,20180807,1,1,00:00:45,0,0.00%,0.00%,$25.00
/ccg/01T/measures/?tags=lowpriority,20180822,1,1,00:00:54,0,0.00%,0.00%,$0.00
/ccg/01V/lpzomnibus/,20181004,1,1,00:00:49,0,0.00%,0.00%,$0.00
/ccg/01V/measures/?tags=lowpriority,20181004,1,1,00:00:04,0,0.00%,0.00%,$0.00
/ccg/01W/measures/?tags=lowpriority,20181016,1,1,00:03:29,0,0.00%,0.00%,$10.00
/ccg/01W/measures/?tags=lowpriority,20181017,1,1,00:00:00,1,100.00%,100.00%,$0.00
/ccg/01X/lptadalafil/,20181013,1,1,00:00:45,0,0.00%,0.00%,$0.00
/ccg/01X/lpzomnibus/,20180822,1,1,00:00:00,0,0.00%,100.00%,$0.00
/ccg/01X/measures/?tags=lowpriority,20180809,1,1,00:00:11,0,0.00%,0.00%,$10.00
/ccg/01Y/lprubefacients/,20180823,1,1,00:07:30,0,0.00%,0.00%,$0.00
/ccg/02A/lpliothyronine/,20181004,1,1,00:02:44,0,0.00%,0.00%,$0.00
/ccg/02A/lpzomnibus/,20180807,1,1,00:00:20,0,0.00%,0.00%,$0.00
/ccg/02A/lpzomnibus/,20180822,1,1,00:01:57,0,0.00%,0.00%,$10.00
/ccg/02A/lpzomnibus/,20181002,1,1,00:01:24,0,0.00%,0.00%,$10.00
/ccg/02A/measures/?tags=lowpriority,20181008,1,1,00:00:50,0,0.00%,0.00%,$0.00
/ccg/02D/lpzomnibus/,20181024,1,1,00:01:00,0,0.00%,0.00%,$10.00
/ccg/02F/lpzomnibus/,20181010,1,1,00:00:19,0,0.00%,0.00%,$10.00
/ccg/02F/measures/?tags=lowpriority,20181004,1,1,00:00:29,0,0.00%,0.00%,$0.00
/ccg/02G/lpliothyronine/,20181005,1,1,00:00:00,0,0.00%,100.00%,$0.00
/ccg/02G/measures/?tags=lowpriority,20180927,1,1,00:00:49,0,0.00%,0.00%,$0.00
/ccg/02G/measures/?tags=lowpriority,20180928,1,1,00:01:23,0,0.00%,0.00%,$25.00
/ccg/02G/measures/?tags=lowpriority,20181004,1,1,00:00:00,0,0.00%,100.00%,$0.00
/ccg/02H/lprubefacients/,20180814,1,1,00:00:48,0,0.00%,0.00%,$10.00
/ccg/02H/measures/?tags=lowpriority,20180806,1,1,00:12:59,0,0.00%,0.00%,$10.00
/ccg/02H/measures/?tags=lowpriority,20180926,1,1,00:21:47,0,0.00%,0.00%,$10.00
/ccg/02H/measures/?tags=lowpriority,20180927,1,1,00:01:30,0,0.00%,0.00%,$0.00
/ccg/02M/lpzomnibus/,20180829,1,1,00:00:00,0,0.00%,100.00%,$0.00
/ccg/02N/lpzomnibus/,20180823,1,1,00:00:00,0,0.00%,100.00%,$0.00
/ccg/02N/lpzomnibus/,20181008,1,1,00:00:15,0,0.00%,0.00%,$0.00
/ccg/02N/lpzomnibus/,20181011,1,1,00:00:19,0,0.00%,0.00%,$10.00
/ccg/02N/measures/?tags=lowpriority,20180806,1,1,00:00:03,0,0.00%,0.00%,$0.00
/ccg/02N/measures/?tags=lowpriority,20180813,1,1,00:00:00,0,0.00%,100.00%,$0.00
/ccg/02N/measures/?tags=lowpriority,20181005,1,1,00:04:19,0,0.00%,0.00%,$10.00
/ccg/02N/measures/?tags=lowpriority,20181016,1,1,00:01:10,0,0.00%,0.00%,$10.00
/ccg/02P/lpcoprox/,20180911,1,1,00:00:53,0,0.00%,0.00%,$0.00
/ccg/02P/lpzomnibus/,20180911,1,1,00:00:00,0,0.00%,100.00%,$0.00
/ccg/02P/measures/?tags=lowpriority,20180806,1,1,00:00:38,0,0.00%,0.00%,$0.00
/ccg/02Q/lpzomnibus/,20181008,1,1,00:00:12,0,0.00%,0.00%,$10.00
/ccg/02Q/measures/?tags=lowpriority,20180906,1,1,00:01:48,0,0.00%,0.00%,$10.00
/ccg/02Q/measures/?tags=lowpriority,20180920,1,1,00:00:00,0,0.00%,100.00%,$0.00
/ccg/02R/measures/?tags=lowpriority,20181018,1,1,00:02:36,0,0.00%,0.00%,$10.00
/ccg/02T/lpdoxazosin/,20181018,1,1,00:00:47,0,0.00%,0.00%,$10.00
/ccg/02T/lpliothyronine/,20181004,1,1,00:00:44,0,0.00%,0.00%,$0.00
/ccg/02T/lpzomnibus/,20181017,1,1,00:00:48,0,0.00%,0.00%,$0.00
/ccg/02T/measures/?tags=lowpriority,20181006,1,1,00:01:09,0,0.00%,0.00%,$0.00
/ccg/02W/lpzomnibus/,20181018,1,1,00:00:29,0,0.00%,0.00%,$0.00
/ccg/02X/lpoxycodone/,20181012,1,1,00:01:28,0,0.00%,0.00%,$0.00
/ccg/02X/lpzomnibus/,20181024,1,1,00:00:21,0,0.00%,0.00%,$10.00
/ccg/02Y/measures/?tags=lowpriority,20181004,1,1,00:00:54,0,0.00%,0.00%,$10.00
/ccg/03A/lplutein/,20180925,1,1,00:00:59,0,0.00%,0.00%,$0.00
/ccg/03A/lpzomnibus/,20180909,1,1,00:00:21,0,0.00%,0.00%,$10.00
/ccg/03A/lpzomnibus/,20180925,1,1,00:00:44,0,0.00%,0.00%,$0.00
/ccg/03A/measures/?tags=lowpriority,20180830,1,1,00:00:00,0,0.00%,100.00%,$0.00
/ccg/03A/measures/?tags=lowpriority,20180909,1,1,00:00:00,0,0.00%,100.00%,$0.00
/ccg/03A/measures/?tags=lowpriority,20180911,1,1,00:25:29,1,0.00%,0.00%,$10.00
/ccg/03D/lpzomnibus/,20180912,1,1,00:00:50,0,0.00%,0.00%,$5.00
/ccg/03D/measures/?tags=lowpriority,20180905,1,1,00:01:59,0,0.00%,0.00%,$0.00
/ccg/03D/measures/?tags=lowpriority,20180912,1,1,00:00:00,0,0.00%,100.00%,$0.00
/ccg/03E/lpliothyronine/,20180822,1,1,00:00:13,0,0.00%,0.00%,$0.00
/ccg/03E/measures/?tags=lowpriority,20181001,1,1,00:02:55,0,0.00%,0.00%,$20.00
/ccg/03E/measures/?tags=lowpriority,20181003,1,1,00:01:17,0,0.00%,0.00%,$0.00
/ccg/03F/measures/?tags=lowpriority,20180816,1,1,00:10:24,0,0.00%,0.00%,$0.00
/ccg/03H/lpzomnibus/,20180820,1,1,00:02:07,0,0.00%,0.00%,$0.00
/ccg/03H/lpzomnibus/,20181002,1,1,00:00:49,0,0.00%,0.00%,$15.00
/ccg/03H/lpzomnibus/,20181010,1,1,00:01:37,0,0.00%,0.00%,$20.00
/ccg/03J/lprubefacients/,20180820,1,1,00:01:00,0,0.00%,0.00%,$0.00
/ccg/03L/lpcoprox/,20181018,1,1,00:00:15,0,0.00%,0.00%,$0.00
/ccg/03L/lpglucosamine/,20181004,1,1,00:02:09,0,0.00%,0.00%,$0.00
/ccg/03L/lplutein/,20181018,1,1,00:00:17,0,0.00%,0.00%,$0.00
/ccg/03L/lpoxycodone/,20181018,1,1,00:00:26,0,0.00%,0.00%,$0.00
/ccg/03L/lptrimipramine/,20181018,1,1,00:01:02,0,0.00%,0.00%,$0.00
/ccg/03L/lpzomnibus/,20180820,1,1,00:00:17,0,0.00%,0.00%,$0.00
/ccg/03L/lpzomnibus/,20181023,1,1,00:00:14,0,0.00%,0.00%,$20.00
/ccg/03L/measures/?tags=lowpriority,20180822,1,1,00:00:29,0,0.00%,0.00%,$10.00
/ccg/03L/measures/?tags=lowpriority,20180911,1,1,00:00:48,0,0.00%,0.00%,$10.00
/ccg/03L/measures/?tags=lowpriority,20181005,1,1,00:04:15,0,0.00%,0.00%,$0.00
/ccg/03M/measures/?tags=lowpriority,20180912,1,1,00:00:47,0,0.00%,0.00%,$10.00
/ccg/03N/lphomeopathy/,20181019,1,1,00:00:54,0,0.00%,0.00%,$0.00
/ccg/03N/lpzomnibus/,20180927,1,1,00:00:10,0,0.00%,0.00%,$0.00
/ccg/03N/lpzomnibus/,20181009,1,1,00:01:44,0,0.00%,0.00%,$10.00
/ccg/03N/measures/?tags=lowpriority,20180809,1,1,00:00:00,0,0.00%,100.00%,$0.00
/ccg/03N/measures/?tags=lowpriority,20180821,1,1,00:02:11,0,0.00%,0.00%,$10.00
/ccg/03N/measures/?tags=lowpriority,20180822,1,1,00:00:12,0,0.00%,0.00%,$10.00
/ccg/03N/measures/?tags=lowpriority,20180830,1,1,00:00:52,0,0.00%,0.00%,$10.00
/ccg/03N/measures/?tags=lowpriority,20180927,1,1,00:01:14,0,0.00%,0.00%,$0.00
/ccg/03N/measures/?tags=lowpriority,20181023,1,1,00:00:35,0,0.00%,0.00%,$10.00
/ccg/03Q/lpdosulepin/,20181005,1,1,00:01:30,0,0.00%,0.00%,$10.00
/ccg/03R/measures/?tags=lowpriority,20181015,1,1,00:04:19,0,0.00%,0.00%,$0.00
/ccg/03T/?tags=lowpriority,20181010,1,1,00:00:04,1,0.00%,0.00%,$0.00
/ccg/03T/lphomeopathy/,20181005,1,1,00:00:52,0,0.00%,0.00%,$0.00
/ccg/03T/lpliothyronine/,20181004,1,1,00:01:54,0,0.00%,0.00%,$10.00
/ccg/03T/lpliothyronine/,20181009,1,1,00:00:00,0,0.00%,100.00%,$0.00
/ccg/03T/lpzomnibus/,20181011,1,1,00:00:16,0,0.00%,0.00%,$0.00
/ccg/03T/measures/?tags=lowpriority,20181010,1,1,00:00:00,0,0.00%,100.00%,$0.00
/ccg/03V/lpfentanylir/,20181024,1,1,00:01:34,0,0.00%,0.00%,$0.00
/ccg/03V/lpzomnibus/,20180809,1,1,00:00:52,0,0.00%,0.00%,$10.00
/ccg/03V/lpzomnibus/,20181005,1,1,00:02:01,0,0.00%,0.00%,$0.00
/ccg/03V/measures/?tags=lowpriority,20180809,1,1,00:04:54,0,0.00%,0.00%,$10.00
/ccg/03V/measures/?tags=lowpriority,20181024,1,1,00:00:44,0,0.00%,0.00%,$0.00
/ccg/03W/lplidocaine/,20180815,1,1,00:01:00,0,0.00%,0.00%,$0.00
/ccg/03W/lpzomnibus/,20180914,1,1,00:00:22,0,0.00%,0.00%,$10.00
/ccg/03W/measures/?tags=lowpriority,20180912,1,1,00:00:52,0,0.00%,0.00%,$0.00
/ccg/03X/lpliothyronine/,20181004,1,1,00:00:00,0,0.00%,100.00%,$0.00
/ccg/03X/measures/?tags=lowpriority,20180921,1,1,00:00:28,0,0.00%,0.00%,$0.00
/ccg/04C/lpzomnibus/,20180927,1,1,00:00:45,0,0.00%,0.00%,$0.00
/ccg/04C/measures/?tags=lowpriority,20180922,1,1,00:00:23,0,0.00%,0.00%,$0.00
/ccg/04D/lpcoprox/,20181004,1,1,00:01:38,0,0.00%,0.00%,$0.00
/ccg/04D/lpliothyronine/,20181009,1,1,00:01:00,0,0.00%,0.00%,$10.00
/ccg/04D/lpperindopril/,20181004,1,1,00:01:56,0,0.00%,0.00%,$0.00
/ccg/04D/lpzomnibus/,20180921,1,1,00:00:20,0,0.00%,0.00%,$5.00
/ccg/04D/measures/?tags=lowpriority,20180919,1,1,00:00:00,1,100.00%,100.00%,$0.00
/ccg/04E/lpcoprox/,20180826,1,1,00:01:14,0,0.00%,0.00%,$0.00
/ccg/04E/lpcoprox/,20181020,1,1,00:00:33,0,0.00%,0.00%,$0.00
/ccg/04E/lpdosulepin/,20181020,1,1,00:00:25,0,0.00%,0.00%,$0.00
/ccg/04E/lpdoxazosin/,20181020,1,1,00:01:01,0,0.00%,0.00%,$0.00
/ccg/04E/lpfentanylir/,20181020,1,1,00:00:23,0,0.00%,0.00%,$0.00
/ccg/04E/lplidocaine/,20180826,1,1,00:00:36,0,0.00%,0.00%,$0.00
/ccg/04E/lplidocaine/,20181020,1,1,00:01:02,0,0.00%,0.00%,$0.00
/ccg/04E/lpliothyronine/,20180809,1,1,00:00:48,0,0.00%,0.00%,$0.00
/ccg/04E/lpliothyronine/,20181020,1,1,00:01:03,0,0.00%,0.00%,$0.00
/ccg/04E/lpomega3/,20180826,1,1,00:00:26,0,0.00%,0.00%,$0.00
/ccg/04E/lpomega3/,20181020,1,1,00:00:15,0,0.00%,0.00%,$0.00
/ccg/04E/lpoxycodone/,20181020,1,1,00:00:37,0,0.00%,0.00%,$0.00
/ccg/04E/lpperindopril/,20181020,1,1,00:00:28,0,0.00%,0.00%,$0.00
/ccg/04E/lprubefacients/,20181020,1,1,00:00:53,0,0.00%,0.00%,$0.00
/ccg/04E/lptadalafil/,20181020,1,1,00:00:54,0,0.00%,0.00%,$0.00
/ccg/04E/lptravelvacs/,20181020,1,1,00:00:22,0,0.00%,0.00%,$0.00
/ccg/04E/lptrimipramine/,20180826,1,1,00:00:44,0,0.00%,0.00%,$0.00
/ccg/04E/lptrimipramine/,20181020,1,1,00:00:51,0,0.00%,0.00%,$0.00
/ccg/04E/lpzomnibus/,20181015,1,1,00:00:26,0,0.00%,0.00%,$0.00
/ccg/04E/measures/?tags=lowpriority,20180809,1,1,00:00:51,0,0.00%,0.00%,$0.00
/ccg/04E/measures/?tags=lowpriority,20180910,1,1,00:00:32,0,0.00%,0.00%,$0.00
/ccg/04E/measures/?tags=lowpriority,20180911,1,1,00:01:40,0,0.00%,0.00%,$0.00
/ccg/04E/measures/?tags=lowpriority,20181007,1,1,00:05:57,0,0.00%,0.00%,$0.00
/ccg/04E/measures/?tags=lowpriority,20181020,1,1,00:01:08,0,0.00%,0.00%,$0.00
/ccg/04G/lpliothyronine/,20181005,1,1,00:04:46,1,0.00%,0.00%,$10.00
/ccg/04G/lpomega3/,20180925,1,1,00:01:50,0,0.00%,0.00%,$0.00
/ccg/04G/lpzomnibus/,20180809,1,1,00:05:30,0,0.00%,0.00%,$0.00
/ccg/04G/lpzomnibus/,20181001,1,1,00:00:20,0,0.00%,0.00%,$10.00
/ccg/04G/measures/?tags=lowpriority,20180809,1,1,00:00:00,0,0.00%,100.00%,$0.00
/ccg/04G/measures/?tags=lowpriority,20180820,1,1,00:00:00,0,0.00%,100.00%,$0.00
/ccg/04G/measures/?tags=lowpriority,20180904,1,1,00:00:00,0,0.00%,100.00%,$0.00
/ccg/04G/measures/?tags=lowpriority,20180927,1,1,00:00:00,0,0.00%,100.00%,$10.00
/ccg/04G/measures/?tags=lowpriority,20181001,1,1,00:00:13,0,0.00%,0.00%,$10.00
/ccg/04G/measures/?tags=lowpriority,20181003,1,1,00:00:00,0,0.00%,100.00%,$0.00
/ccg/04G/measures/?tags=lowpriority,20181012,1,1,00:00:00,0,0.00%,100.00%,$0.00
/ccg/04H/lpzomnibus/,20181004,1,1,00:00:40,0,0.00%,0.00%,$20.00
/ccg/04H/measures/?tags=lowpriority,20180826,1,1,00:00:45,0,0.00%,0.00%,$0.00
/ccg/04J/measures/?tags=lowpriority,20180927,1,1,00:01:26,0,0.00%,0.00%,$0.00
/ccg/04J/measures/?tags=lowpriority,20181022,1,1,00:00:00,0,0.00%,100.00%,$0.00
/ccg/04K/lpzomnibus/,20181005,1,1,00:00:04,0,0.00%,0.00%,$0.00
/ccg/04K/lpzomnibus/,20181012,1,1,00:00:00,0,0.00%,100.00%,$0.00
/ccg/04K/measures/?tags=lowpriority,20180925,1,1,00:00:17,0,0.00%,0.00%,$0.00
/ccg/04K/measures/?tags=lowpriority,20181004,1,1,00:01:05,0,0.00%,0.00%,$10.00
/ccg/04L/measures/?tags=lowpriority,20180925,1,1,00:00:00,0,0.00%,100.00%,$0.00
/ccg/04M/measures/?tags=lowpriority,20180814,1,1,00:01:38,0,0.00%,0.00%,$0.00
/ccg/04M/measures/?tags=lowpriority,20180821,1,1,00:12:47,0,0.00%,0.00%,$15.00
/ccg/04M/measures/?tags=lowpriority,20181014,1,1,00:00:23,0,0.00%,0.00%,$0.00
/ccg/04N/lpzomnibus/,20180912,1,1,00:00:24,0,0.00%,0.00%,$0.00
/ccg/04N/lpzomnibus/,20181004,1,1,00:02:03,0,0.00%,0.00%,$10.00
/ccg/04N/lpzomnibus/,20181010,1,1,00:00:05,0,0.00%,0.00%,$0.00
/ccg/04N/measures/?tags=lowpriority,20180912,1,1,00:00:00,0,0.00%,100.00%,$0.00
/ccg/04N/measures/?tags=lowpriority,20181004,1,1,00:00:05,0,0.00%,0.00%,$10.00
/ccg/04N/measures/?tags=lowpriority,20181010,1,1,00:00:00,0,0.00%,100.00%,$0.00
/ccg/04R/lpzomnibus/,20181004,1,1,00:12:36,0,0.00%,0.00%,$15.00
/ccg/04R/measures/?tags=lowpriority,20180911,1,1,00:00:00,0,0.00%,100.00%,$0.00
/ccg/05A/lpzomnibus/,20180917,1,1,00:01:00,0,0.00%,0.00%,$0.00
/ccg/05A/measures/?tags=lowpriority,20180903,1,1,00:00:00,0,0.00%,100.00%,$10.00
/ccg/05A/measures/?tags=lowpriority,20180910,1,1,00:00:00,1,100.00%,100.00%,$0.00
/ccg/05A/measures/?tags=lowpriority,20181008,1,1,00:15:07,0,0.00%,0.00%,$10.00
/ccg/05A/measures/?tags=lowpriority,20181019,1,1,00:01:34,0,0.00%,0.00%,$10.00
/ccg/05C/measures/?tags=lowpriority,20181008,1,1,00:01:19,0,0.00%,0.00%,$15.00
/ccg/05C/measures/?tags=lowpriority,20181018,1,1,00:02:22,0,0.00%,0.00%,$0.00
/ccg/05G/lpcoprox/,20181024,1,1,00:02:06,0,0.00%,0.00%,$0.00
/ccg/05G/lptrimipramine/,20180910,1,1,00:07:30,0,0.00%,0.00%,$0.00
/ccg/05G/measures/?tags=lowpriority,20180925,1,1,00:00:35,0,0.00%,0.00%,$0.00
/ccg/05H/lpcoprox/,20180911,1,1,00:01:17,0,0.00%,0.00%,$0.00
/ccg/05H/measures/?tags=lowpriority,20180903,1,1,00:00:15,0,0.00%,0.00%,$10.00
/ccg/05L/?tags=lowpriority,20180925,1,1,00:00:14,0,0.00%,0.00%,$0.00
/ccg/05L/lpzomnibus/,20180914,1,1,00:00:00,0,0.00%,100.00%,$10.00
/ccg/05L/measures/?tags=lowpriority,20180911,1,1,00:00:00,0,0.00%,100.00%,$10.00
/ccg/05L/measures/?tags=lowpriority,20180919,1,1,00:00:00,0,0.00%,100.00%,$0.00
/ccg/05L/measures/?tags=lowpriority,20180924,1,1,00:07:38,0,0.00%,0.00%,$0.00
/ccg/05L/measures/?tags=lowpriority,20181016,1,1,00:01:14,0,0.00%,0.00%,$10.00
/ccg/05L/measures/?tags=lowpriority,20181017,1,1,00:00:00,1,100.00%,100.00%,$0.00
/ccg/05N/?tags=lowpriority,20180910,1,1,00:00:13,0,0.00%,0.00%,$0.00
/ccg/05N/lpperindopril/,20180821,1,1,00:03:52,0,0.00%,0.00%,$0.00
/ccg/05N/lptramadolpara/,20181018,1,1,00:00:54,0,0.00%,0.00%,$0.00
/ccg/05N/lpzomnibus/,20181013,1,1,00:00:22,0,0.00%,0.00%,$10.00
/ccg/05N/measures/?tags=lowpriority,20180821,1,1,00:05:58,0,0.00%,0.00%,$10.00
/ccg/05N/measures/?tags=lowpriority,20181012,1,1,00:00:30,0,0.00%,0.00%,$0.00
/ccg/05Q/measures/?tags=lowpriority,20180808,1,1,00:00:19,0,0.00%,0.00%,$20.00
/ccg/05R/measures/?tags=lowpriority,20180902,1,1,00:00:52,0,0.00%,0.00%,$0.00
/ccg/05R/measures/?tags=lowpriority,20180905,1,1,00:00:37,0,0.00%,0.00%,$20.00
/ccg/05R/measures/?tags=lowpriority,20180910,1,1,00:00:05,0,0.00%,0.00%,$0.00
/ccg/05R/measures/?tags=lowpriority,20181003,1,1,00:00:35,0,0.00%,0.00%,$10.00
/ccg/05T/lpzomnibus/,20181022,1,1,00:00:32,0,0.00%,0.00%,$10.00
/ccg/05T/measures/?tags=lowpriority,20180830,1,1,00:00:09,0,0.00%,0.00%,$10.00
/ccg/05T/measures/?tags=lowpriority,20180902,1,1,00:00:39,1,0.00%,0.00%,$25.00
/ccg/05T/measures/?tags=lowpriority,20181015,1,1,00:01:33,0,0.00%,0.00%,$10.00
/ccg/05W/lptrimipramine/,20180910,1,1,00:02:28,0,0.00%,0.00%,$0.00
/ccg/05W/lptrimipramine/,20180925,1,1,00:00:13,0,0.00%,0.00%,$0.00
/ccg/05W/lpzomnibus/,20180910,1,1,00:00:00,0,0.00%,100.00%,$0.00
/ccg/05W/measures/?tags=lowpriority,20180831,1,1,00:00:00,0,0.00%,100.00%,$0.00
/ccg/05W/measures/?tags=lowpriority,20180910,1,1,00:00:46,0,0.00%,0.00%,$0.00
/ccg/05W/measures/?tags=lowpriority,20181005,1,1,00:01:01,0,0.00%,0.00%,$10.00
/ccg/05X/measures/?tags=lowpriority,20181012,1,1,00:01:14,0,0.00%,0.00%,$10.00
/ccg/05Y/lpzomnibus/,20180911,1,1,00:01:53,0,0.00%,0.00%,$10.00
/ccg/06A/measures/?tags=lowpriority,20181011,1,1,00:00:00,0,0.00%,100.00%,$0.00
/ccg/06F/lpzomnibus/,20180830,1,1,00:03:51,0,0.00%,0.00%,$0.00
/ccg/06F/lpzomnibus/,20180903,1,1,00:00:05,0,0.00%,0.00%,$10.00
/ccg/06F/lpzomnibus/,20180922,1,1,00:00:22,0,0.00%,0.00%,$25.00
/ccg/06F/measures/?tags=lowpriority,20180823,1,1,00:00:04,0,0.00%,0.00%,$0.00
/ccg/06F/measures/?tags=lowpriority,20180830,1,1,00:08:41,0,0.00%,0.00%,$10.00
/ccg/06F/measures/?tags=lowpriority,20180903,1,1,00:02:07,0,0.00%,0.00%,$0.00
/ccg/06F/measures/?tags=lowpriority,20180922,1,1,00:01:16,0,0.00%,0.00%,$15.00
/ccg/06F/measures/?tags=lowpriority,20181024,1,1,00:00:54,0,0.00%,0.00%,$0.00
/ccg/06H/?tags=lowpriority,20180916,1,1,00:00:00,1,100.00%,100.00%,$0.00
/ccg/06H/lpfentanylir/,20180912,1,1,00:01:03,0,0.00%,0.00%,$5.00
/ccg/06H/lpfentanylir/,20181004,1,1,00:03:16,0,0.00%,0.00%,$0.00
/ccg/06H/lpliothyronine/,20181004,1,1,00:11:42,0,0.00%,0.00%,$10.00
/ccg/06H/lptrimipramine/,20180919,1,1,00:00:31,0,0.00%,0.00%,$0.00
/ccg/06H/lpzomnibus/,20181004,1,1,00:00:40,0,0.00%,0.00%,$10.00
/ccg/06H/measures/?tags=lowpriority,20180813,1,1,00:00:39,0,0.00%,0.00%,$10.00
/ccg/06H/measures/?tags=lowpriority,20180823,1,1,00:00:00,0,0.00%,100.00%,$10.00
/ccg/06K/lpliothyronine/,20181005,1,1,00:02:12,0,0.00%,0.00%,$0.00
/ccg/06K/lpzomnibus/,20180905,1,1,00:00:00,0,0.00%,100.00%,$10.00
/ccg/06L/lptrimipramine/,20180912,1,1,00:00:00,0,0.00%,100.00%,$0.00
/ccg/06L/measures/?tags=lowpriority,20180820,1,1,00:08:28,0,0.00%,0.00%,$0.00
/ccg/06L/measures/?tags=lowpriority,20180911,1,1,00:01:19,0,0.00%,0.00%,$15.00
/ccg/06M/lpdoxazosin/,20180925,1,1,00:00:54,0,0.00%,0.00%,$0.00
/ccg/06M/lpomega3/,20180918,1,1,00:00:34,0,0.00%,0.00%,$10.00
/ccg/06M/lptrimipramine/,20181003,1,1,00:00:54,0,0.00%,0.00%,$0.00
/ccg/06M/lptrimipramine/,20181005,1,1,00:00:00,0,0.00%,100.00%,$0.00
/ccg/06M/lpzomnibus/,20181011,1,1,00:00:11,0,0.00%,0.00%,$0.00
/ccg/06M/measures/?tags=lowpriority,20180821,1,1,00:00:00,0,0.00%,100.00%,$10.00
/ccg/06M/measures/?tags=lowpriority,20180918,1,1,00:00:54,0,0.00%,0.00%,$10.00
/ccg/06M/measures/?tags=lowpriority,20181005,1,1,00:03:05,0,0.00%,0.00%,$0.00
/ccg/06N/lpzomnibus/,20181001,1,1,00:00:12,0,0.00%,0.00%,$10.00
/ccg/06N/measures/?tags=lowpriority,20180816,1,1,00:04:06,0,0.00%,0.00%,$20.00
/ccg/06N/measures/?tags=lowpriority,20180905,1,1,00:00:00,0,0.00%,100.00%,$0.00
/ccg/06N/measures/?tags=lowpriority,20180907,1,1,00:06:15,0,0.00%,0.00%,$10.00
/ccg/06P/measures/?tags=lowpriority,20180920,1,1,00:04:06,0,0.00%,0.00%,$0.00
/ccg/06Q/lpliothyronine/,20181005,1,1,00:02:14,0,0.00%,0.00%,$0.00
/ccg/06Q/lpzomnibus/,20180829,1,1,00:00:16,0,0.00%,0.00%,$10.00
/ccg/06Q/lpzomnibus/,20180920,1,1,00:00:07,0,0.00%,0.00%,$10.00
/ccg/06Q/measures/?tags=lowpriority,20180808,1,1,00:00:00,0,0.00%,100.00%,$10.00
/ccg/06Q/measures/?tags=lowpriority,20180822,1,1,00:00:00,0,0.00%,100.00%,$0.00
/ccg/06Q/measures/?tags=lowpriority,20180914,1,1,00:02:30,0,0.00%,0.00%,$10.00
/ccg/06Q/measures/?tags=lowpriority,20180917,1,1,00:01:44,0,0.00%,0.00%,$0.00
/ccg/06Q/measures/?tags=lowpriority,20180920,1,1,00:00:23,0,0.00%,0.00%,$10.00
/ccg/06Q/measures/?tags=lowpriority,20181005,1,1,00:01:52,0,0.00%,0.00%,$0.00
/ccg/06T/lpliothyronine/,20180813,1,1,00:00:13,0,0.00%,0.00%,$0.00
/ccg/06T/measures/?tags=lowpriority,20180813,1,1,00:00:22,0,0.00%,0.00%,$0.00
/ccg/06T/measures/?tags=lowpriority,20180822,1,1,00:00:27,0,0.00%,0.00%,$5.00
/ccg/06T/measures/?tags=lowpriority,20180919,1,1,00:00:18,0,0.00%,0.00%,$0.00
/ccg/06T/measures/?tags=lowpriority,20180924,1,1,00:00:07,0,0.00%,0.00%,$0.00
/ccg/06V/lpdoxazosin/,20181004,1,1,00:00:54,0,0.00%,0.00%,$0.00
/ccg/06V/lpoxycodone/,20181004,1,1,00:00:33,0,0.00%,0.00%,$0.00
/ccg/06V/lpperindopril/,20181004,1,1,00:00:37,0,0.00%,0.00%,$0.00
/ccg/06V/lptadalafil/,20181004,1,1,00:02:01,0,0.00%,0.00%,$0.00
/ccg/06V/lptramadolpara/,20181004,1,1,00:00:20,0,0.00%,0.00%,$0.00
/ccg/06V/lptravelvacs/,20181004,1,1,00:00:20,0,0.00%,0.00%,$0.00
/ccg/06V/lptrimipramine/,20181004,1,1,00:00:44,0,0.00%,0.00%,$0.00
/ccg/06V/lpzomnibus/,20180830,1,1,00:01:05,0,0.00%,0.00%,$10.00
/ccg/06V/lpzomnibus/,20181023,1,1,00:00:13,0,0.00%,0.00%,$0.00
/ccg/06Y/lplidocaine/,20181015,1,1,00:00:05,0,0.00%,0.00%,$0.00
/ccg/06Y/lpzomnibus/,20181004,1,1,00:00:35,0,0.00%,0.00%,$10.00
/ccg/06Y/lpzomnibus/,20181015,1,1,00:00:14,0,0.00%,0.00%,$10.00
/ccg/06Y/measures/?tags=lowpriority,20180918,1,1,00:00:00,0,0.00%,100.00%,$0.00
/ccg/07H/lpliothyronine/,20181018,1,1,00:00:00,0,0.00%,100.00%,$0.00
/ccg/07H/measures/?tags=lowpriority,20181018,1,1,00:00:17,0,0.00%,0.00%,$10.00
/ccg/07J/measures/?tags=lowpriority,20180822,1,1,00:00:00,0,0.00%,100.00%,$0.00
/ccg/07K/lptadalafil/,20180914,1,1,00:03:04,0,0.00%,0.00%,$0.00
/ccg/07L/measures/?tags=lowpriority,20180815,1,1,00:00:46,0,0.00%,0.00%,$10.00
/ccg/07L/measures/?tags=lowpriority,20181024,1,1,00:00:12,0,0.00%,0.00%,$10.00
/ccg/07M/measures/?tags=lowpriority,20180806,1,1,00:02:58,0,0.00%,0.00%,$10.00
/ccg/07M/measures/?tags=lowpriority,20180925,1,1,00:01:25,0,0.00%,0.00%,$10.00
/ccg/07M/measures/?tags=lowpriority,20181012,1,1,00:01:44,0,0.00%,0.00%,$0.00
/ccg/07N/measures/?tags=lowpriority,20180914,1,1,00:00:00,0,0.00%,100.00%,$0.00
/ccg/07P/measures/?tags=lowpriority,20181023,1,1,00:02:05,0,0.00%,0.00%,$0.00
/ccg/07Q/lpdosulepin/,20180825,1,1,00:00:00,0,0.00%,100.00%,$0.00
/ccg/07Q/lpzomnibus/,20180825,1,1,00:00:09,0,0.00%,0.00%,$10.00
/ccg/07Q/measures/?tags=lowpriority,20181024,1,1,00:06:00,0,0.00%,0.00%,$0.00
/ccg/07R/lpliothyronine/,20180905,1,1,00:00:00,0,0.00%,100.00%,$0.00
/ccg/07R/measures/?tags=lowpriority,20180905,1,1,00:00:21,0,0.00%,0.00%,$10.00
/ccg/07T/lptramadolpara/,20180911,1,1,00:00:13,0,0.00%,0.00%,$0.00
/ccg/07T/measures/?tags=lowpriority,20180808,1,1,00:02:48,0,0.00%,0.00%,$0.00
/ccg/07V/lpzomnibus/,20180905,1,1,00:02:13,0,0.00%,0.00%,$10.00
/ccg/07V/lpzomnibus/,20180910,1,1,00:00:00,0,0.00%,100.00%,$10.00
/ccg/07V/lpzomnibus/,20180923,1,1,00:00:44,0,0.00%,0.00%,$10.00
/ccg/07V/measures/?tags=lowpriority,20180813,1,1,00:00:44,0,0.00%,0.00%,$0.00
/ccg/07V/measures/?tags=lowpriority,20180817,1,1,00:00:38,0,0.00%,0.00%,$0.00
/ccg/07V/measures/?tags=lowpriority,20180828,1,1,00:00:33,0,0.00%,0.00%,$0.00
/ccg/07V/measures/?tags=lowpriority,20180902,1,1,00:00:17,0,0.00%,0.00%,$0.00
/ccg/07V/measures/?tags=lowpriority,20180905,1,1,00:00:00,0,0.00%,100.00%,$0.00
/ccg/07V/measures/?tags=lowpriority,20180907,1,1,00:00:00,0,0.00%,100.00%,$0.00
/ccg/07V/measures/?tags=lowpriority,20180909,1,1,00:00:20,1,0.00%,0.00%,$0.00
/ccg/07W/measures/?tags=lowpriority,20180823,1,1,00:00:45,0,0.00%,0.00%,$0.00
/ccg/07X/?tags=lowpriority,20180906,1,1,00:00:06,0,0.00%,0.00%,$0.00
/ccg/07X/lpcoprox/,20180823,1,1,00:00:00,0,0.00%,100.00%,$0.00
/ccg/07X/lpcoprox/,20180824,1,1,00:00:37,0,0.00%,0.00%,$0.00
/ccg/07X/lpliothyronine/,20180906,1,1,00:00:00,0,0.00%,100.00%,$0.00
/ccg/07X/lpzomnibus/,20180925,1,1,00:22:07,0,0.00%,0.00%,$10.00
/ccg/07X/measures/?tags=lowpriority,20180807,1,1,00:00:00,0,0.00%,100.00%,$0.00
/ccg/07X/measures/?tags=lowpriority,20180809,1,1,00:04:15,0,0.00%,0.00%,$0.00
/ccg/07X/measures/?tags=lowpriority,20180823,1,1,00:01:52,0,0.00%,0.00%,$0.00
/ccg/07X/measures/?tags=lowpriority,20180824,1,1,00:01:43,0,0.00%,0.00%,$10.00
/ccg/07X/measures/?tags=lowpriority,20180903,1,1,00:00:00,0,0.00%,100.00%,$10.00
/ccg/07X/measures/?tags=lowpriority,20180913,1,1,00:01:45,0,0.00%,0.00%,$0.00
/ccg/08C/lpzomnibus/,20180816,1,1,00:00:26,0,0.00%,0.00%,$0.00
/ccg/08C/measures/?tags=lowpriority,20180820,1,1,00:00:06,0,0.00%,0.00%,$0.00
/ccg/08C/measures/?tags=lowpriority,20180915,1,1,00:00:40,0,0.00%,0.00%,$0.00
/ccg/08C/measures/?tags=lowpriority,20181011,1,1,00:00:00,0,0.00%,100.00%,$0.00
/ccg/08D/lpzomnibus/,20180923,1,1,00:01:13,0,0.00%,0.00%,$10.00
/ccg/08D/measures/?tags=lowpriority,20180910,1,1,00:00:50,0,0.00%,0.00%,$10.00
/ccg/08D/measures/?tags=lowpriority,20180926,1,1,00:00:11,0,0.00%,0.00%,$10.00
/ccg/08E/lplutein/,20180831,1,1,00:01:26,0,0.00%,0.00%,$0.00
/ccg/08E/lplutein/,20181015,1,1,00:00:27,0,0.00%,0.00%,$0.00
/ccg/08E/lpzomnibus/,20181016,1,1,00:00:14,0,0.00%,0.00%,$0.00
/ccg/08E/measures/?tags=lowpriority,20180831,1,1,00:00:50,0,0.00%,0.00%,$0.00
/ccg/08E/measures/?tags=lowpriority,20180911,1,1,00:01:50,0,0.00%,0.00%,$10.00
/ccg/08E/measures/?tags=lowpriority,20181011,1,1,00:00:13,0,0.00%,0.00%,$20.00
/ccg/08E/measures/?tags=lowpriority,20181019,1,1,00:04:10,0,0.00%,0.00%,$10.00
/ccg/08F/lpzomnibus/,20181020,1,1,00:00:26,0,0.00%,0.00%,$0.00
/ccg/08G/lpzomnibus/,20180921,1,1,00:00:17,0,0.00%,0.00%,$10.00
/ccg/08G/measures/?tags=lowpriority,20180809,1,1,00:28:16,0,0.00%,0.00%,$0.00
/ccg/08G/measures/?tags=lowpriority,20180907,1,1,00:00:26,0,0.00%,0.00%,$0.00
/ccg/08H/lpcoprox/,20180908,1,1,00:00:52,0,0.00%,0.00%,$0.00
/ccg/08H/lplutein/,20180908,1,1,00:01:34,0,0.00%,0.00%,$0.00
/ccg/08H/lptravelvacs/,20180908,1,1,00:00:18,0,0.00%,0.00%,$0.00
/ccg/08H/lptrimipramine/,20180908,1,1,00:00:45,0,0.00%,0.00%,$0.00
/ccg/08H/lpzomnibus/,20181009,1,1,00:00:00,0,0.00%,100.00%,$0.00
/ccg/08H/measures/?tags=lowpriority,20180817,1,1,00:00:00,0,0.00%,100.00%,$0.00
/ccg/08J/lpzomnibus/,20180924,1,1,00:00:20,0,0.00%,0.00%,$0.00
/ccg/08K/measures/?tags=lowpriority,20180806,1,1,00:00:01,0,0.00%,0.00%,$0.00
/ccg/08K/measures/?tags=lowpriority,20181008,1,1,00:01:42,0,0.00%,0.00%,$20.00
/ccg/08K/measures/?tags=lowpriority,20181012,1,1,00:01:05,0,0.00%,0.00%,$0.00
/ccg/08K/measures/?tags=lowpriority,20181015,1,1,00:01:37,0,0.00%,0.00%,$0.00
/ccg/08L/measures/?tags=lowpriority,20180925,1,1,00:00:25,0,0.00%,0.00%,$0.00
/ccg/08M/measures/?tags=lowpriority,20180806,1,1,00:00:28,0,0.00%,0.00%,$10.00
/ccg/08N/lpliothyronine/,20181005,1,1,00:00:20,0,0.00%,0.00%,$0.00
/ccg/08P/lpdoxazosin/,20180920,1,1,00:00:15,0,0.00%,0.00%,$0.00
/ccg/08P/lplutein/,20181022,1,1,00:00:00,0,0.00%,100.00%,$0.00
/ccg/08P/lptravelvacs/,20181023,1,1,00:06:57,0,0.00%,0.00%,$10.00
/ccg/08Q/lplidocaine/,20181008,1,1,00:02:09,0,0.00%,0.00%,$0.00
/ccg/08Q/lpzomnibus/,20181004,1,1,00:00:23,0,0.00%,0.00%,$10.00
/ccg/08Q/lpzomnibus/,20181008,1,1,00:00:27,0,0.00%,0.00%,$10.00
/ccg/08Q/measures/?tags=lowpriority,20180812,1,1,00:01:38,0,0.00%,0.00%,$10.00
/ccg/08Q/measures/?tags=lowpriority,20180813,1,1,00:00:54,1,0.00%,0.00%,$10.00
/ccg/08Q/measures/?tags=lowpriority,20181008,1,1,00:00:16,0,0.00%,0.00%,$0.00
/ccg/08R/lpfentanylir/,20180921,1,1,00:00:22,0,0.00%,0.00%,$0.00
/ccg/08R/measures/?tags=lowpriority,20180921,1,1,00:00:42,0,0.00%,0.00%,$0.00
/ccg/08V/lptravelvacs/,20180921,1,1,00:00:05,0,0.00%,0.00%,$0.00
/ccg/08V/lpzomnibus/,20181008,1,1,00:00:25,0,0.00%,0.00%,$10.00
/ccg/08V/measures/?tags=lowpriority,20180908,1,1,00:01:45,0,0.00%,0.00%,$15.00
/ccg/08V/measures/?tags=lowpriority,20180914,1,1,00:00:00,0,0.00%,100.00%,$0.00
/ccg/08V/measures/?tags=lowpriority,20181003,1,1,00:00:00,0,0.00%,100.00%,$0.00
/ccg/08V/measures/?tags=lowpriority,20181008,1,1,00:00:06,0,0.00%,0.00%,$0.00
/ccg/08V/measures/?tags=lowpriority,20181010,1,1,00:00:00,0,0.00%,100.00%,$0.00
/ccg/08V/measures/?tags=lowpriority,20181011,1,1,00:00:00,1,100.00%,100.00%,$0.00
/ccg/08W/lpliothyronine/,20181005,1,1,00:00:27,0,0.00%,0.00%,$10.00
/ccg/08W/lpzomnibus/,20180823,1,1,00:00:37,0,0.00%,0.00%,$10.00
/ccg/08W/lpzomnibus/,20180824,1,1,00:00:09,0,0.00%,0.00%,$20.00
/ccg/08W/measures/?tags=lowpriority,20180824,1,1,00:00:37,0,0.00%,0.00%,$10.00
/ccg/08W/measures/?tags=lowpriority,20180911,1,1,00:01:01,0,0.00%,0.00%,$0.00
/ccg/08X/lpzomnibus/,20180912,1,1,00:00:22,0,0.00%,0.00%,$10.00
/ccg/08X/measures/?tags=lowpriority,20180918,1,1,00:00:07,0,0.00%,0.00%,$10.00
/ccg/09A/lplidocaine/,20180812,1,1,00:00:00,0,0.00%,100.00%,$0.00
/ccg/09A/lpzomnibus/,20180909,1,1,00:09:43,0,0.00%,0.00%,$0.00
/ccg/09A/measures/?tags=lowpriority,20180812,1,1,00:01:50,0,0.00%,0.00%,$0.00
/ccg/09C/lpzomnibus/,20180820,1,1,00:00:25,0,0.00%,0.00%,$0.00
/ccg/09C/measures/?tags=lowpriority,20180820,1,1,00:00:00,0,0.00%,100.00%,$0.00
/ccg/09C/measures/?tags=lowpriority,20180823,1,1,00:00:00,0,0.00%,100.00%,$0.00
/ccg/09C/measures/?tags=lowpriority,20181011,1,1,00:00:00,0,0.00%,100.00%,$0.00
/ccg/09D/?tags=lowpriority,20180807,1,1,00:10:25,1,0.00%,0.00%,$0.00
/ccg/09D/measures/?tags=lowpriority,20181015,1,1,00:00:15,0,0.00%,0.00%,$0.00
/ccg/09E/measures/?tags=lowpriority,20180825,1,1,00:00:00,0,0.00%,100.00%,$10.00
/ccg/09F/lpzomnibus/,20181017,1,1,00:02:07,0,0.00%,0.00%,$10.00
/ccg/09F/measures/?tags=lowpriority,20180904,1,1,00:00:00,0,0.00%,100.00%,$10.00
/ccg/09F/measures/?tags=lowpriority,20181017,1,1,00:00:00,0,0.00%,100.00%,$10.00
/ccg/09G/lpcoprox/,20180928,1,1,00:00:00,0,0.00%,100.00%,$0.00
/ccg/09G/measures/?tags=lowpriority,20180926,1,1,00:02:36,1,0.00%,0.00%,$0.00
/ccg/09G/measures/?tags=lowpriority,20180928,1,1,00:00:12,0,0.00%,0.00%,$0.00
/ccg/09J/?tags=lowpriority,20180807,1,1,00:00:09,0,0.00%,0.00%,$10.00
/ccg/09J/lpliothyronine/,20180807,1,1,00:00:30,0,0.00%,0.00%,$0.00
/ccg/09J/lpzomnibus/,20180807,1,1,00:00:07,0,0.00%,0.00%,$10.00
/ccg/09J/lpzomnibus/,20181019,1,1,00:00:51,0,0.00%,0.00%,$10.00
/ccg/09J/measures/?tags=lowpriority,20180807,1,1,00:00:24,0,0.00%,0.00%,$10.00
/ccg/09L/?tags=lowpriority,20180806,1,1,00:00:07,0,0.00%,0.00%,$0.00
/ccg/09L/measures/?tags=lowpriority,20180806,1,1,00:00:41,0,0.00%,0.00%,$0.00
/ccg/09L/measures/?tags=lowpriority,20180831,1,1,00:00:09,0,0.00%,0.00%,$10.00
/ccg/09N/lpzomnibus/,20180903,1,1,00:00:00,0,0.00%,100.00%,$0.00
/ccg/09N/measures/?tags=lowpriority,20181005,1,1,00:00:48,0,0.00%,0.00%,$0.00
/ccg/09W/?tags=lowpriority,20180903,1,1,00:00:18,0,0.00%,0.00%,$10.00
/ccg/09W/lpliothyronine/,20181004,1,1,00:00:00,0,0.00%,100.00%,$0.00
/ccg/09W/lpzomnibus/,20180903,1,1,00:00:19,0,0.00%,0.00%,$0.00
/ccg/09W/measures/?tags=lowpriority,20180926,1,1,00:00:00,0,0.00%,100.00%,$10.00
/ccg/09W/measures/#lpzomnibus,20180806,1,1,00:00:00,0,0.00%,100.00%,$0.00
/ccg/09X/measures/?tags=lowpriority,20180806,1,1,00:02:02,0,0.00%,0.00%,$0.00
/ccg/10A/lpliothyronine/,20181005,1,1,00:04:02,0,0.00%,0.00%,$10.00
/ccg/10C/measures/?tags=lowpriority,20181011,1,1,00:01:03,0,0.00%,0.00%,$20.00
/ccg/10C/measures/?tags=lowpriority,20181018,1,1,00:00:10,0,0.00%,0.00%,$10.00
/ccg/10J/measures/?tags=lowpriority,20181003,1,1,00:05:41,0,0.00%,0.00%,$0.00
/ccg/10K/lpliothyronine/,20181005,1,1,00:00:39,0,0.00%,0.00%,$0.00
/ccg/10K/lpomega3/,20181005,1,1,00:00:55,0,0.00%,0.00%,$0.00
/ccg/10K/lptramadolpara/,20181005,1,1,00:00:56,0,0.00%,0.00%,$0.00
/ccg/10K/measures/?tags=lowpriority,20181024,1,1,00:03:03,0,0.00%,0.00%,$10.00
/ccg/10K/measures/#lpzomnibus,20180808,1,1,00:00:29,1,0.00%,0.00%,$0.00
/ccg/10K/measures/#lpzomnibus,20181018,1,1,00:00:53,1,0.00%,0.00%,$0.00
/ccg/10L/lpliothyronine/,20180823,1,1,00:00:26,0,0.00%,0.00%,$0.00
/ccg/10L/measures/?tags=lowpriority,20180817,1,1,00:00:56,0,0.00%,0.00%,$0.00
/ccg/10L/measures/?tags=lowpriority,20180910,1,1,00:00:16,0,0.00%,0.00%,$0.00
/ccg/10Q/lpliothyronine/,20181004,1,1,00:03:52,0,0.00%,0.00%,$10.00
/ccg/10Q/lpzomnibus/,20180806,1,1,00:00:00,0,0.00%,100.00%,$0.00
/ccg/10Q/lpzomnibus/,20180814,1,1,00:00:32,0,0.00%,0.00%,$0.00
/ccg/10Q/lpzomnibus/,20181020,1,1,00:00:32,0,0.00%,0.00%,$20.00
/ccg/10Q/measures/?tags=lowpriority,20180903,1,1,00:01:21,0,0.00%,0.00%,$15.00
/ccg/10Q/measures/?tags=lowpriority,20181011,1,1,00:05:34,0,0.00%,0.00%,$0.00
/ccg/10Q/measures/?tags=lowpriority,20181017,1,1,00:00:00,0,0.00%,100.00%,$10.00
/ccg/10R/lplutein/,20180904,1,1,00:00:18,1,0.00%,0.00%,$10.00
/ccg/10R/measures/?tags=lowpriority,20181005,1,1,00:00:18,0,0.00%,0.00%,$0.00
/ccg/10R/measures/?tags=lowpriority,20181024,1,1,00:00:59,0,0.00%,0.00%,$0.00
/ccg/10V/?tags=lowpriority,20181013,1,1,00:00:20,0,0.00%,0.00%,$0.00
/ccg/10V/lpcoprox/,20181017,1,1,00:00:54,0,0.00%,0.00%,$0.00
/ccg/10V/lpfentanylir/,20181005,1,1,00:01:33,0,0.00%,0.00%,$0.00
/ccg/10V/lpliothyronine/,20181004,1,1,00:00:46,0,0.00%,0.00%,$10.00
/ccg/10V/lpliothyronine/,20181005,1,1,00:00:31,0,0.00%,0.00%,$0.00
/ccg/10V/lplutein/,20181005,1,1,00:00:26,0,0.00%,0.00%,$0.00
/ccg/10V/lpomega3/,20181005,1,1,00:00:23,0,0.00%,0.00%,$0.00
/ccg/10V/lpoxycodone/,20181005,1,1,00:00:19,0,0.00%,0.00%,$0.00
/ccg/10V/lpperindopril/,20181005,1,1,00:00:06,0,0.00%,0.00%,$0.00
/ccg/10V/lpzomnibus/,20181011,1,1,00:00:43,0,0.00%,0.00%,$0.00
/ccg/10V/measures/?tags=lowpriority,20181013,1,1,00:01:16,0,0.00%,0.00%,$0.00
/ccg/10X/lpomega3/,20181024,1,1,00:03:18,0,0.00%,0.00%,$0.00
/ccg/11A/lpzomnibus/,20181003,1,1,00:00:18,0,0.00%,0.00%,$10.00
/ccg/11A/measures/?tags=lowpriority,20181005,1,1,00:01:24,0,0.00%,0.00%,$0.00
/ccg/11E/?tags=lowpriority,20180810,1,1,00:00:07,0,0.00%,0.00%,$0.00
/ccg/11E/lphomeopathy/,20181011,1,1,00:00:30,0,0.00%,0.00%,$0.00
/ccg/11E/lplidocaine/,20181011,1,1,00:00:23,0,0.00%,0.00%,$0.00
/ccg/11E/lpliothyronine/,20180907,1,1,00:00:34,0,0.00%,0.00%,$0.00
/ccg/11E/lpliothyronine/,20181005,1,1,00:01:00,1,0.00%,0.00%,$10.00
/ccg/11E/lpliothyronine/,20181011,1,1,00:00:32,0,0.00%,0.00%,$0.00
/ccg/11E/lpzomnibus/,20180907,1,1,00:00:12,0,0.00%,0.00%,$0.00
/ccg/11E/lpzomnibus/,20181007,1,1,00:00:50,0,0.00%,0.00%,$0.00
/ccg/11E/lpzomnibus/,20181011,1,1,00:00:15,0,0.00%,0.00%,$10.00
/ccg/11E/lpzomnibus/,20181015,1,1,00:01:46,0,0.00%,0.00%,$10.00
/ccg/11E/measures/?tags=lowpriority,20180810,1,1,00:00:00,0,0.00%,100.00%,$0.00
/ccg/11E/measures/?tags=lowpriority,20181001,1,1,00:01:42,0,0.00%,0.00%,$10.00
/ccg/11E/measures/?tags=lowpriority,20181003,1,1,00:00:50,0,0.00%,0.00%,$10.00
/ccg/11J/lpzomnibus/,20181012,1,1,00:00:15,0,0.00%,0.00%,$0.00
/ccg/11J/measures/?tags=lowpriority,20180808,1,1,00:01:34,0,0.00%,0.00%,$10.00
/ccg/11J/measures/?tags=lowpriority,20180912,1,1,00:05:40,0,0.00%,0.00%,$0.00
/ccg/11M/?tags=lowpriority,20181008,1,1,00:00:19,0,0.00%,0.00%,$0.00
/ccg/11M/lpfentanylir/,20180831,1,1,00:00:00,0,0.00%,100.00%,$0.00
/ccg/11M/lpzomnibus/,20180907,1,1,00:00:00,0,0.00%,100.00%,$0.00
/ccg/11M/lpzomnibus/,20181018,1,1,00:00:27,0,0.00%,0.00%,$0.00
/ccg/11M/measures/?tags=lowpriority,20180815,1,1,00:00:55,0,0.00%,0.00%,$0.00
/ccg/11M/measures/?tags=lowpriority,20180829,1,1,00:02:01,0,0.00%,0.00%,$0.00
/ccg/11M/measures/?tags=lowpriority,20181005,1,1,00:03:58,0,0.00%,0.00%,$0.00
/ccg/11M/measures/?tags=lowpriority,20181010,1,1,00:01:31,0,0.00%,0.00%,$10.00
/ccg/11N/lphomeopathy/,20180920,1,1,00:00:58,0,0.00%,0.00%,$0.00
/ccg/11N/lplidocaine/,20180920,1,1,00:00:41,0,0.00%,0.00%,$0.00
/ccg/11N/lplidocaine/,20181003,1,1,00:00:41,0,0.00%,0.00%,$10.00
/ccg/11N/lpzomnibus/,20180916,1,1,00:03:50,0,0.00%,0.00%,$10.00
/ccg/11N/lpzomnibus/,20180920,1,1,00:00:10,0,0.00%,0.00%,$10.00
/ccg/11N/lpzomnibus/,20181004,1,1,00:07:59,0,0.00%,0.00%,$0.00
/ccg/11N/lpzomnibus/,20181024,1,1,00:00:12,0,0.00%,0.00%,$10.00
/ccg/11N/measures/?tags=lowpriority,20180904,1,1,00:04:00,0,0.00%,0.00%,$10.00
/ccg/11N/measures/?tags=lowpriority,20180908,1,1,00:00:19,0,0.00%,0.00%,$0.00
/ccg/11N/measures/?tags=lowpriority,20180911,1,1,00:00:12,0,0.00%,0.00%,$25.00
/ccg/11N/measures/?tags=lowpriority,20181024,1,1,00:01:06,0,0.00%,0.00%,$10.00
/ccg/11N/measures/#lpzomnibus,20180813,1,1,00:00:00,1,100.00%,100.00%,$0.00
/ccg/11N/measures/#lpzomnibus,20180816,1,1,00:00:43,0,0.00%,0.00%,$10.00
/ccg/11N/measures/#lpzomnibus,20180904,1,1,00:01:22,1,0.00%,0.00%,$10.00
/ccg/11N/measures/#lpzomnibus,20180905,1,1,00:00:41,1,0.00%,0.00%,$0.00
/ccg/11X/?tags=lowpriority,20180807,1,1,00:01:06,0,0.00%,0.00%,$10.00
/ccg/11X/?tags=lowpriority,20180911,1,1,00:00:13,1,0.00%,0.00%,$0.00
/ccg/11X/lphomeopathy/,20181007,1,1,00:00:14,0,0.00%,0.00%,$0.00
/ccg/11X/lplutein/,20181007,1,1,00:00:18,0,0.00%,0.00%,$0.00
/ccg/11X/lplutein/,20181023,1,1,00:01:09,0,0.00%,0.00%,$0.00
/ccg/11X/lpzomnibus/,20180815,1,1,00:00:00,1,100.00%,100.00%,$0.00
/ccg/11X/measures/?tags=lowpriority,20180821,1,1,00:00:37,0,0.00%,0.00%,$10.00
/ccg/11X/measures/?tags=lowpriority,20180911,1,1,00:00:00,0,0.00%,100.00%,$0.00
/ccg/11X/measures/?tags=lowpriority,20180928,1,1,00:01:26,0,0.00%,0.00%,$0.00
/ccg/11X/measures/?tags=lowpriority,20181005,1,1,00:00:56,0,0.00%,0.00%,$0.00
/ccg/11X/measures/?tags=lowpriority,20181007,1,1,00:01:08,0,0.00%,0.00%,$0.00
/ccg/11X/measures/?tags=lowpriority,20181023,1,1,00:01:35,0,0.00%,0.00%,$0.00
/ccg/11X/measures/#lpzomnibus,20180807,1,1,00:01:18,0,0.00%,0.00%,$10.00
/ccg/12D/lpzomnibus/,20180924,1,1,00:00:00,0,0.00%,100.00%,$10.00
/ccg/12D/measures/?tags=lowpriority,20181018,1,1,00:00:00,0,0.00%,100.00%,$0.00
/ccg/12D/measures/?tags=lowpriority,20181023,1,1,00:01:18,0,0.00%,0.00%,$0.00
/ccg/12F/lpcoprox/,20181009,1,1,00:02:48,0,0.00%,0.00%,$10.00
/ccg/12F/lplidocaine/,20181003,1,1,00:00:27,0,0.00%,0.00%,$0.00
/ccg/12F/lplidocaine/,20181008,1,1,00:00:41,0,0.00%,0.00%,$10.00
/ccg/12F/lplidocaine/,20181010,1,1,00:00:29,0,0.00%,0.00%,$0.00
/ccg/12F/lplidocaine/,20181011,1,1,00:00:15,0,0.00%,0.00%,$10.00
/ccg/12F/lpomega3/,20181008,1,1,00:00:00,0,0.00%,100.00%,$0.00
/ccg/12F/lpoxycodone/,20181009,1,1,00:03:32,0,0.00%,0.00%,$0.00
/ccg/12F/lpzomnibus/,20181003,1,1,00:00:34,0,0.00%,0.00%,$10.00
/ccg/12F/lpzomnibus/,20181021,1,1,00:03:57,0,0.00%,0.00%,$10.00
/ccg/12F/measures/?tags=lowpriority,20180831,1,1,00:00:00,0,0.00%,100.00%,$0.00
/ccg/12F/measures/?tags=lowpriority,20180909,1,1,00:00:00,0,0.00%,100.00%,$0.00
/ccg/13R/measures/?tags=lowpriority,20180807,1,1,00:00:00,0,0.00%,100.00%,$0.00
/ccg/13R/measures/?tags=lowpriority,20180815,1,1,00:00:20,0,0.00%,0.00%,$10.00
/ccg/13T/lplidocaine/,20180921,1,1,00:00:20,0,0.00%,0.00%,$0.00
/ccg/13T/lptravelvacs/,20180921,1,1,00:00:00,0,0.00%,100.00%,$0.00
/ccg/13T/measures/?tags=lowpriority,20181016,1,1,00:00:00,0,0.00%,100.00%,$0.00
/ccg/14K/measures/?tags=lowpriority,20181002,1,1,00:00:25,0,0.00%,0.00%,$0.00
/ccg/14L/lpdoxazosin/,20181002,1,1,00:00:00,0,0.00%,100.00%,$0.00
/ccg/14L/lptravelvacs/,20181011,1,1,00:01:06,0,0.00%,0.00%,$0.00
/ccg/14L/lpzomnibus/,20180903,1,1,00:00:28,0,0.00%,0.00%,$10.00
/ccg/14L/lpzomnibus/,20180912,1,1,00:00:00,0,0.00%,100.00%,$10.00
/ccg/14L/lpzomnibus/,20181013,1,1,00:00:28,0,0.00%,0.00%,$10.00
/ccg/14L/measures/?tags=lowpriority,20180927,1,1,00:01:21,0,0.00%,0.00%,$10.00
/ccg/14L/measures/?tags=lowpriority,20181002,1,1,00:00:10,0,0.00%,0.00%,$0.00
/ccg/14L/measures/?tags=lowpriority,20181012,1,1,00:01:34,0,0.00%,0.00%,$0.00
/ccg/14Y/?tags=lowpriority,20180920,1,1,00:02:36,0,0.00%,0.00%,$0.00
/ccg/14Y/lplidocaine/,20180925,1,1,00:01:11,0,0.00%,0.00%,$0.00
/ccg/14Y/lpliothyronine/,20180822,1,1,00:10:26,0,0.00%,0.00%,$0.00
/ccg/14Y/lpliothyronine/,20181002,1,1,00:01:12,0,0.00%,0.00%,$0.00
/ccg/14Y/lptrimipramine/,20180920,1,1,00:00:00,0,0.00%,100.00%,$0.00
/ccg/14Y/lpzomnibus/,20181011,1,1,00:00:10,0,0.00%,0.00%,$10.00
/ccg/14Y/measures/?tags=lowpriority,20180920,1,1,00:03:27,0,0.00%,0.00%,$0.00
/ccg/14Y/measures/?tags=lowpriority,20181002,1,1,00:00:54,0,0.00%,0.00%,$0.00
/ccg/14Y/measures/?tags=lowpriority,20181003,1,1,00:00:35,0,0.00%,0.00%,$10.00
/ccg/14Y/measures/?tags=lowpriority,20181016,1,1,00:00:49,0,0.00%,0.00%,$0.00
/ccg/15C/?tags=lowpriority,20180809,1,1,00:00:05,0,0.00%,0.00%,$0.00
/ccg/15C/lphomeopathy/,20180913,1,1,00:00:47,0,0.00%,0.00%,$0.00
/ccg/15C/lpliothyronine/,20181005,1,1,00:00:00,1,100.00%,100.00%,$0.00
/ccg/15C/lpzomnibus/,20180830,1,1,00:00:00,0,0.00%,100.00%,$0.00
/ccg/15C/lpzomnibus/,20180910,1,1,00:00:23,0,0.00%,0.00%,$10.00
/ccg/15C/lpzomnibus/,20181008,1,1,00:00:17,0,0.00%,0.00%,$10.00
/ccg/15C/lpzomnibus/,20181010,1,1,00:00:53,0,0.00%,0.00%,$0.00
/ccg/15C/lpzomnibus/,20181017,1,1,00:00:19,0,0.00%,0.00%,$0.00
/ccg/15C/measures/?tags=lowpriority,20180814,1,1,00:00:14,0,0.00%,0.00%,$10.00
/ccg/15C/measures/?tags=lowpriority,20180820,1,1,00:00:00,0,0.00%,100.00%,$0.00
/ccg/15C/measures/?tags=lowpriority,20180904,1,1,00:00:57,0,0.00%,0.00%,$0.00
/ccg/15C/measures/?tags=lowpriority,20180912,1,1,00:01:05,0,0.00%,0.00%,$0.00
/ccg/15C/measures/?tags=lowpriority,20180915,1,1,00:00:38,0,0.00%,0.00%,$0.00
/ccg/15C/measures/?tags=lowpriority,20180925,1,1,00:02:44,0,0.00%,0.00%,$10.00
/ccg/15C/measures/?tags=lowpriority,20181004,1,1,00:00:35,0,0.00%,0.00%,$5.00
/ccg/15C/measures/?tags=lowpriority,20181005,1,1,00:00:00,0,0.00%,100.00%,$0.00
/ccg/15C/measures/?tags=lowpriority,20181010,1,1,00:00:39,0,0.00%,0.00%,$10.00
/ccg/15C/measures/?tags=lowpriority,20181017,1,1,00:00:51,0,0.00%,0.00%,$0.00
/ccg/15C/measures/?tags=lowpriority,20181018,1,1,00:00:45,0,0.00%,0.00%,$10.00
/ccg/15C/measures/#lpzomnibus,20180903,1,1,00:03:08,0,0.00%,0.00%,$0.00
/ccg/15D/lpfentanylir/,20180817,1,1,00:00:54,0,0.00%,0.00%,$0.00
/ccg/15D/measures/?tags=lowpriority,20180817,1,1,00:00:52,0,0.00%,0.00%,$0.00
/ccg/15E/lpzomnibus/,20180825,1,1,00:00:06,0,0.00%,0.00%,$10.00
/ccg/15E/measures/?tags=lowpriority,20180813,1,1,00:00:56,0,0.00%,0.00%,$0.00
/ccg/15E/measures/?tags=lowpriority,20180904,1,1,00:00:09,0,0.00%,0.00%,$15.00
/ccg/15E/measures/?tags=lowpriority,20181001,1,1,00:00:14,0,0.00%,0.00%,$10.00
/ccg/15F/lptadalafil/,20180824,1,1,00:02:07,0,0.00%,0.00%,$0.00
/ccg/15F/lptramadolpara/,20180913,1,1,00:00:00,0,0.00%,100.00%,$10.00
/ccg/15F/lpzomnibus/,20180912,1,1,00:00:46,0,0.00%,0.00%,$10.00
/ccg/15F/measures/?tags=lowpriority,20181007,1,1,00:02:25,0,0.00%,0.00%,$0.00
/ccg/15F/measures/?tags=lowpriority,20181009,1,1,00:00:02,0,0.00%,0.00%,$0.00
/ccg/15F/measures/#lpzomnibus,20181018,1,1,00:00:00,1,100.00%,100.00%,$0.00
/ccg/99A/?tags=lowpriority,20180821,1,1,00:00:39,0,0.00%,0.00%,$0.00
/ccg/99A/lpliothyronine/,20180815,1,1,00:00:00,0,0.00%,100.00%,$10.00
/ccg/99A/measures/?tags=lowpriority,20180821,1,1,00:03:15,0,0.00%,0.00%,$0.00
/ccg/99A/measures/?tags=lowpriority,20180910,1,1,00:00:00,0,0.00%,100.00%,$0.00
/ccg/99A/measures/?tags=lowpriority,20181004,1,1,00:20:47,0,0.00%,0.00%,$0.00
/ccg/99A/measures/?tags=lowpriority,20181005,1,1,00:00:23,0,0.00%,0.00%,$0.00
/ccg/99A/measures/?tags=lowpriority,20181014,1,1,00:02:33,0,0.00%,0.00%,$10.00
/ccg/99A/measures/#lpzomnibus,20180821,1,1,00:00:20,0,0.00%,0.00%,$0.00
/ccg/99D/lpzomnibus/,20180920,1,1,00:00:20,0,0.00%,0.00%,$10.00
/ccg/99D/lpzomnibus/,20181023,1,1,00:00:00,0,0.00%,100.00%,$0.00
/ccg/99E/measures/?tags=lowpriority,20180905,1,1,00:09:49,0,0.00%,0.00%,$10.00
/ccg/99E/measures/?tags=lowpriority,20181004,1,1,00:00:48,0,0.00%,0.00%,$10.00
/ccg/99F/measures/?tags=lowpriority,20181012,1,1,00:00:00,0,0.00%,100.00%,$0.00
/ccg/99G/lpzomnibus/,20181013,1,1,00:03:51,0,0.00%,0.00%,$0.00
/ccg/99H/lpzomnibus/,20181012,1,1,00:00:19,0,0.00%,0.00%,$10.00
/ccg/99H/measures/?tags=lowpriority,20181012,1,1,00:00:30,0,0.00%,0.00%,$0.00
/ccg/99J/?tags=lowpriority,20181005,1,1,00:00:12,0,0.00%,0.00%,$0.00
/ccg/99J/lpzomnibus/,20180906,1,1,00:00:17,0,0.00%,0.00%,$0.00
/ccg/99J/measures/?tags=lowpriority,20180826,1,1,00:01:14,0,0.00%,0.00%,$10.00
/ccg/99J/measures/?tags=lowpriority,20180829,1,1,00:00:00,0,0.00%,100.00%,$0.00
/ccg/99K/lpfentanylir/,20180904,1,1,00:00:42,0,0.00%,0.00%,$0.00
/ccg/99K/lpzomnibus/,20180806,1,1,00:00:40,0,0.00%,0.00%,$0.00
/ccg/99K/lpzomnibus/,20180822,1,1,00:00:25,0,0.00%,0.00%,$0.00
/ccg/99K/lpzomnibus/,20181004,1,1,00:00:00,0,0.00%,100.00%,$0.00
/ccg/99K/measures/?tags=lowpriority,20180806,1,1,00:00:09,0,0.00%,0.00%,$10.00
/ccg/99K/measures/?tags=lowpriority,20180822,1,1,00:00:08,1,0.00%,0.00%,$0.00
/ccg/99K/measures/?tags=lowpriority,20180928,1,1,00:00:00,0,0.00%,100.00%,$0.00
/ccg/99M/lpzomnibus/,20181017,1,1,00:00:28,0,0.00%,0.00%,$10.00
/ccg/99N/lpcoprox/,20181011,1,1,00:04:02,0,0.00%,0.00%,$0.00
/ccg/99N/lpdoxazosin/,20181011,1,1,00:00:50,0,0.00%,0.00%,$0.00
/ccg/99N/lpfentanylir/,20180921,1,1,00:00:10,0,0.00%,0.00%,$0.00
/ccg/99N/lphomeopathy/,20181004,1,1,00:02:10,0,0.00%,0.00%,$5.00
/ccg/99N/lplidocaine/,20181011,1,1,00:02:07,0,0.00%,0.00%,$0.00
/ccg/99N/lpliothyronine/,20181011,1,1,00:02:29,0,0.00%,0.00%,$0.00
/ccg/99N/lplutein/,20181004,1,1,00:10:25,0,0.00%,0.00%,$5.00
/ccg/99N/lpomega3/,20181011,1,1,00:00:41,0,0.00%,0.00%,$0.00
/ccg/99N/lpperindopril/,20181011,1,1,00:03:29,0,0.00%,0.00%,$0.00
/ccg/99N/lprubefacients/,20181011,1,1,00:02:19,0,0.00%,0.00%,$0.00
/ccg/99N/lptadalafil/,20181020,1,1,00:00:00,0,0.00%,100.00%,$0.00
/ccg/99N/lptramadolpara/,20181011,1,1,00:01:54,0,0.00%,0.00%,$0.00
/ccg/99N/lptravelvacs/,20181011,1,1,00:06:07,0,0.00%,0.00%,$0.00
/ccg/99N/lptrimipramine/,20181011,1,1,00:01:36,0,0.00%,0.00%,$0.00
/ccg/99N/lpzomnibus/,20181008,1,1,00:00:00,0,0.00%,100.00%,$10.00
/ccg/99N/lpzomnibus/,20181009,1,1,00:03:12,0,0.00%,0.00%,$20.00
/ccg/99N/lpzomnibus/,20181013,1,1,00:00:39,0,0.00%,0.00%,$0.00
/ccg/99N/lpzomnibus/,20181019,1,1,00:00:00,0,0.00%,100.00%,$0.00
/ccg/99N/lpzomnibus/,20181021,1,1,00:01:30,0,0.00%,0.00%,$10.00
/ccg/99N/lpzomnibus/,20181022,1,1,00:00:16,0,0.00%,0.00%,$10.00
/ccg/99N/lpzomnibus/,20181024,1,1,00:00:35,0,0.00%,0.00%,$10.00
/ccg/99N/measures/?tags=lowpriority,20181003,1,1,00:00:23,0,0.00%,0.00%,$10.00
/ccg/99N/measures/?tags=lowpriority,20181021,1,1,00:00:54,0,0.00%,0.00%,$0.00
/ccg/99P/?tags=lowpriority,20180921,1,1,00:00:10,0,0.00%,0.00%,$10.00
/ccg/99P/lpdosulepin/,20180904,1,1,00:00:01,0,0.00%,0.00%,$0.00
/ccg/99P/lpglucosamine/,20180807,1,1,00:00:30,0,0.00%,0.00%,$0.00
/ccg/99P/lplidocaine/,20181007,1,1,00:01:37,0,0.00%,0.00%,$0.00
/ccg/99P/lpomega3/,20180807,1,1,00:01:00,0,0.00%,0.00%,$0.00
/ccg/99P/lpoxycodone/,20180924,1,1,00:03:21,0,0.00%,0.00%,$0.00
/ccg/99P/lpoxycodone/,20181003,1,1,00:00:00,0,0.00%,100.00%,$0.00
/ccg/99P/lptravelvacs/,20180807,1,1,00:01:12,0,0.00%,0.00%,$0.00
/ccg/99P/lptrimipramine/,20180807,1,1,00:01:51,0,0.00%,0.00%,$0.00
/ccg/99P/lpzomnibus/,20180806,1,1,00:00:00,0,0.00%,100.00%,$0.00
/ccg/99P/lpzomnibus/,20180823,1,1,00:00:00,0,0.00%,100.00%,$10.00
/ccg/99P/lpzomnibus/,20180904,1,1,00:00:09,0,0.00%,0.00%,$0.00
/ccg/99P/lpzomnibus/,20180906,1,1,00:00:12,1,0.00%,0.00%,$10.00
/ccg/99P/lpzomnibus/,20180921,1,1,00:00:27,0,0.00%,0.00%,$10.00
/ccg/99P/lpzomnibus/,20180924,1,1,00:00:00,0,0.00%,100.00%,$10.00
/ccg/99P/lpzomnibus/,20180927,1,1,00:00:06,1,0.00%,0.00%,$0.00
/ccg/99P/lpzomnibus/,20181007,1,1,00:00:19,0,0.00%,0.00%,$0.00
/ccg/99P/measures/?tags=lowpriority,20180923,1,1,00:00:00,0,0.00%,100.00%,$0.00
/ccg/99P/measures/?tags=lowpriority,20181002,1,1,00:00:00,0,0.00%,100.00%,$0.00
/ccg/99P/measures/?tags=lowpriority,20181017,1,1,00:00:00,0,0.00%,100.00%,$0.00
/ccg/99P/measures/#lpzomnibus,20180913,1,1,00:00:00,1,100.00%,100.00%,$0.00
/ccg/99P/measures/#lpzomnibus,20180914,1,1,00:00:00,1,100.00%,100.00%,$0.00
/ccg/99P/measures/#lpzomnibus,20180920,1,1,00:00:50,1,0.00%,0.00%,$10.00
/ccg/99P/measures/#lpzomnibus,20180922,1,1,00:00:09,1,0.00%,0.00%,$0.00
/ccg/99Q/?tags=lowpriority,20180912,1,1,00:00:16,0,0.00%,0.00%,$10.00
/ccg/99Q/?tags=lowpriority,20180927,1,1,00:00:13,0,0.00%,0.00%,$0.00
/ccg/99Q/lplidocaine/,20180904,1,1,00:00:24,0,0.00%,0.00%,$10.00
/ccg/99Q/lplidocaine/,20180910,1,1,00:01:36,0,0.00%,0.00%,$0.00
/ccg/99Q/lplidocaine/,20180926,1,1,00:01:03,0,0.00%,0.00%,$0.00
/ccg/99Q/lplidocaine/,20181015,1,1,00:00:00,0,0.00%,100.00%,$0.00
/ccg/99Q/lpliothyronine/,20181004,1,1,00:01:58,0,0.00%,0.00%,$15.00
/ccg/99Q/lpliothyronine/,20181005,1,1,00:00:00,0,0.00%,100.00%,$0.00
/ccg/99Q/lpmeasures/,20181015,1,1,00:00:04,0,0.00%,0.00%,$0.00
/ccg/99Q/lpoxycodone/,20180927,1,1,00:00:00,0,0.00%,100.00%,$0.00
/ccg/99Q/lpoxycodone/,20181015,1,1,00:00:09,0,0.00%,0.00%,$0.00
/ccg/99Q/lptravelvacs/,20180821,1,1,00:00:00,0,0.00%,100.00%,$0.00
/ccg/99Q/lptravelvacs/,20180822,1,1,00:00:00,1,100.00%,100.00%,$0.00
/ccg/99Q/lptravelvacs/,20180919,1,1,00:00:26,0,0.00%,0.00%,$0.00
/ccg/99Q/lpzomnibus/,20180910,1,1,00:00:03,0,0.00%,0.00%,$10.00
/ccg/99Q/lpzomnibus/,20180917,1,1,00:00:06,0,0.00%,0.00%,$10.00
/ccg/99Q/lpzomnibus/,20180919,1,1,00:00:08,0,0.00%,0.00%,$0.00
/ccg/99Q/lpzomnibus/,20180925,1,1,00:10:04,1,0.00%,0.00%,$0.00
/ccg/99Q/lpzomnibus/,20181002,1,1,00:00:05,0,0.00%,0.00%,$0.00
/ccg/99Q/lpzomnibus/,20181015,1,1,00:05:04,0,0.00%,0.00%,$10.00
/ccg/99Q/measures/?tags=lowpriority,20180821,1,1,00:00:44,0,0.00%,0.00%,$0.00
/ccg/99Q/measures/?tags=lowpriority,20180830,1,1,00:00:44,0,0.00%,0.00%,$0.00
/ccg/99Q/measures/?tags=lowpriority,20180905,1,1,00:00:07,0,0.00%,0.00%,$10.00
/ccg/99Q/measures/?tags=lowpriority,20180927,1,1,00:00:00,0,0.00%,100.00%,$0.00
/ccg/99Q/measures/?tags=lowpriority,20181021,1,1,00:00:47,0,0.00%,0.00%,$10.00
/ccg/99Q/measures/?tags=lowpriority,20181023,1,1,00:00:00,0,0.00%,100.00%,$0.00
/ccg/99Q/measures/#lpzomnibus,20180922,1,1,00:00:00,0,0.00%,100.00%,$0.00
/ccg/99Q/measures/#lpzomnibus,20180927,1,1,00:00:00,0,0.00%,100.00%,$0.00
/ccg/A81027/lpzomnibus/,20180808,1,1,00:00:04,0,0.00%,0.00%,$10.00
/ccg/B81003/lpzomnibus/,20180820,1,1,00:00:03,0,0.00%,0.00%,$0.00
/ccg/B81030/lpzomnibus/,20180820,1,1,00:00:05,0,0.00%,0.00%,$0.00
/ccg/B84005/lpzomnibus/,20180816,1,1,00:00:06,0,0.00%,0.00%,$10.00
/ccg/B86039/lpzomnibus/,20180809,1,1,00:00:03,0,0.00%,0.00%,$0.00
/ccg/C86023/lpzomnibus/,20180810,1,1,00:00:05,0,0.00%,0.00%,$10.00
/ccg/C88015/lpzomnibus/,20180816,1,1,00:00:03,0,0.00%,0.00%,$0.00
/ccg/C88077/lpzomnibus/,20180808,1,1,00:00:04,0,0.00%,0.00%,$10.00
/ccg/D81012/lpzomnibus/,20180806,1,1,00:00:08,0,0.00%,0.00%,$0.00
/ccg/E82094/lpzomnibus/,20180806,1,1,00:00:04,0,0.00%,0.00%,$10.00
/ccg/E85129/lpzomnibus/,20180810,1,1,00:00:03,0,0.00%,0.00%,$0.00
/ccg/E85748/lpzomnibus/,20180807,1,1,00:00:04,0,0.00%,0.00%,$0.00
/ccg/F82008/lpzomnibus/,20180815,1,1,00:00:03,0,0.00%,0.00%,$0.00
/ccg/F82023/lpzomnibus/,20180808,1,1,00:00:04,0,0.00%,0.00%,$0.00
/ccg/F84018/lpzomnibus/,20180807,1,1,00:00:00,0,0.00%,100.00%,$0.00
/ccg/G81102/lpzomnibus/,20180814,1,1,00:00:03,0,0.00%,0.00%,$10.00
/ccg/G84010/lpzomnibus/,20180821,1,1,00:00:02,0,0.00%,0.00%,$10.00
/ccg/G85104/lpzomnibus/,20180807,1,1,00:00:02,0,0.00%,0.00%,$10.00
/ccg/G85705/lpzomnibus/,20180813,1,1,00:17:21,0,0.00%,0.00%,$10.00
/ccg/K84032/lpzomnibus/,20180814,1,1,00:00:12,0,0.00%,0.00%,$0.00
/ccg/L83029/lpzomnibus/,20180817,1,1,00:00:02,0,0.00%,0.00%,$10.00
/ccg/L83070/lpzomnibus/,20180807,1,1,00:00:04,0,0.00%,0.00%,$10.00
/ccg/L83112/lpzomnibus/,20180809,1,1,00:00:02,0,0.00%,0.00%,$10.00
/ccg/L83608/lpliothyronine/,20181005,1,1,00:00:32,0,0.00%,0.00%,$10.00
/ccg/L83608/lpliothyronine/,20181006,1,1,00:00:32,0,0.00%,0.00%,$0.00
/ccg/L84069/lpzomnibus/,20180815,1,1,00:00:05,0,0.00%,0.00%,$0.00
/ccg/N83017/lpzomnibus/,20180817,1,1,00:00:07,0,0.00%,0.00%,$0.00
/ccg/P86608/lpzomnibus/,20180807,1,1,00:00:04,0,0.00%,0.00%,$10.00
/ccg/P88607/lpzomnibus/,20180810,1,1,00:00:00,0,0.00%,100.00%,$0.00
/measure/lpcoprox/ccg/00R/,20180907,1,1,00:00:17,0,0.00%,0.00%,$0.00
/measure/lpcoprox/ccg/04E/,20181020,1,1,00:00:03,0,0.00%,0.00%,$0.00
/measure/lpcoprox/ccg/11X/,20180906,1,1,00:00:00,0,0.00%,0.00%,$0.00
/measure/lpcoprox/ccg/99P/,20180926,1,1,00:00:35,0,0.00%,0.00%,$0.00
/measure/lpdosulepin/ccg/02P/,20180918,1,1,00:00:11,0,0.00%,0.00%,$0.00
/measure/lpdosulepin/ccg/03Q/,20181005,1,1,00:00:09,0,0.00%,0.00%,$20.00
/measure/lpdosulepin/ccg/03Y/,20180830,1,1,00:00:02,0,0.00%,0.00%,$0.00
/measure/lpdosulepin/ccg/11X/,20180906,1,1,00:00:00,0,0.00%,0.00%,$0.00
/measure/lpdoxazosin/ccg/02P/,20180918,1,1,00:00:09,0,0.00%,0.00%,$0.00
/measure/lpdoxazosin/ccg/11X/,20180906,1,1,00:00:02,0,0.00%,0.00%,$0.00
/measure/lpdoxazosin/ccg/14L/,20181002,1,1,00:00:19,0,0.00%,0.00%,$0.00
/measure/lpdoxazosin/ccg/99P/,20180926,1,1,00:03:41,0,0.00%,0.00%,$0.00
/measure/lpfentanylir/ccg/02P/,20180918,1,1,00:00:09,0,0.00%,0.00%,$0.00
/measure/lpfentanylir/ccg/04K/,20180829,1,1,00:00:09,0,0.00%,0.00%,$10.00
/measure/lpfentanylir/ccg/04K/?tags=lowpriority,20180829,1,1,00:03:24,0,0.00%,0.00%,$10.00
/measure/lpfentanylir/ccg/06H/,20180831,1,1,00:00:17,0,0.00%,0.00%,$5.00
/measure/lpfentanylir/ccg/06P/,20180920,1,1,00:00:31,0,0.00%,0.00%,$0.00
/measure/lpfentanylir/ccg/08R/,20180921,1,1,00:00:53,0,0.00%,0.00%,$0.00
/measure/lpfentanylir/ccg/11X/,20180906,1,1,00:00:06,0,0.00%,0.00%,$0.00
/measure/lpglucosamine/ccg/02P/,20180918,1,1,00:01:34,0,0.00%,0.00%,$0.00
/measure/lpglucosamine/ccg/11X/,20180906,1,1,00:00:01,0,0.00%,0.00%,$0.00
/measure/lpglucosamine/ccg/15C/,20181012,1,1,00:00:30,0,0.00%,0.00%,$0.00
/measure/lpglucosamine/ccg/99P/,20180926,1,1,00:01:36,0,0.00%,0.00%,$0.00
/measure/lpglucosamine/ccg/99Q/,20180926,1,1,00:00:00,0,0.00%,100.00%,$0.00
/measure/lphomeopathy/ccg/02P/,20180918,1,1,00:00:10,0,0.00%,0.00%,$0.00
/measure/lphomeopathy/ccg/03N/,20181019,1,1,00:00:12,0,0.00%,0.00%,$0.00
/measure/lphomeopathy/ccg/03T/,20181005,1,1,00:00:44,0,0.00%,0.00%,$0.00
/measure/lphomeopathy/ccg/08H/,20180908,1,1,00:00:09,0,0.00%,0.00%,$0.00
/measure/lphomeopathy/ccg/11X/,20180821,1,1,00:00:00,0,0.00%,100.00%,$0.00
/measure/lphomeopathy/ccg/11X/,20180906,1,1,00:00:02,0,0.00%,0.00%,$0.00
/measure/lplidocaine/ccg/02P/,20180918,1,1,00:00:08,0,0.00%,0.00%,$0.00
/measure/lplidocaine/ccg/03W/,20181010,1,1,00:00:35,0,0.00%,0.00%,$0.00
/measure/lplidocaine/ccg/99P/,20181005,1,1,00:01:06,0,0.00%,0.00%,$10.00
/measure/lplidocaine/ccg/99P/,20181007,1,1,00:03:13,0,0.00%,0.00%,$0.00
/measure/lplidocaine/ccg/99P/?tags=lowpriority,20181005,1,1,00:00:37,0,0.00%,0.00%,$10.00
/measure/lplidocaine/ccg/99Q/,20180924,1,1,00:04:34,1,0.00%,0.00%,$0.00
/measure/lpliothyronine/ccg/00M/,20181005,1,1,00:00:40,0,0.00%,0.00%,$0.00
/measure/lpliothyronine/ccg/01C/,20181004,1,1,00:00:05,0,0.00%,0.00%,$10.00
/measure/lpliothyronine/ccg/02A/,20181004,1,1,00:01:05,0,0.00%,0.00%,$0.00
/measure/lpliothyronine/ccg/02P/,20180918,1,1,00:08:02,0,0.00%,0.00%,$0.00
/measure/lpliothyronine/ccg/06M/,20181004,1,1,00:00:00,0,0.00%,100.00%,$0.00
/measure/lpliothyronine/ccg/06N/,20180906,1,1,00:00:08,0,0.00%,0.00%,$0.00
/measure/lpliothyronine/ccg/09W/,20181005,1,1,00:00:31,0,0.00%,0.00%,$0.00
/measure/lpliothyronine/ccg/10V/,20181004,1,1,00:00:02,0,0.00%,0.00%,$10.00
/measure/lpliothyronine/ccg/11X/,20180906,1,1,00:00:02,0,0.00%,0.00%,$0.00
/measure/lpliothyronine/ccg/14Y/,20181002,1,1,00:03:54,0,0.00%,0.00%,$0.00
/measure/lpliothyronine/ccg/14Y/,20181016,1,1,00:01:38,0,0.00%,0.00%,$0.00
/measure/lpliothyronine/ccg/99A/,20180815,1,1,00:00:08,0,0.00%,0.00%,$0.00
/measure/lpliothyronine/ccg/99K/,20181005,1,1,00:00:48,0,0.00%,0.00%,$0.00
/measure/lplutein/ccg/02P/,20180918,1,1,00:00:16,0,0.00%,0.00%,$0.00
/measure/lplutein/ccg/08E/,20180831,1,1,00:00:02,0,0.00%,0.00%,$0.00
/measure/lplutein/ccg/11X/,20180906,1,1,00:00:02,0,0.00%,0.00%,$0.00
/measure/lplutein/ccg/11X/,20181002,1,1,00:00:27,0,0.00%,0.00%,$0.00
/measure/lplutein/ccg/11X/,20181005,1,1,00:02:14,0,0.00%,0.00%,$0.00
/measure/lplutein/ccg/99Q/,20181015,1,1,00:00:09,0,0.00%,0.00%,$0.00
/measure/lpomega3/ccg/02P/,20180918,1,1,00:00:07,0,0.00%,0.00%,$0.00
/measure/lpomega3/ccg/04L/,20180921,1,1,00:05:34,0,0.00%,0.00%,$0.00
/measure/lpomega3/ccg/11X/,20180906,1,1,00:00:05,0,0.00%,0.00%,$0.00
/measure/lpomega3/ccg/11X/,20181005,1,1,00:01:44,0,0.00%,0.00%,$0.00
/measure/lpoxycodone/ccg/02P/,20180918,1,1,00:00:09,0,0.00%,0.00%,$0.00
/measure/lpoxycodone/ccg/02X/,20180921,1,1,00:02:08,0,0.00%,0.00%,$0.00
/measure/lpoxycodone/ccg/04K/,20181010,1,1,00:00:19,0,0.00%,0.00%,$0.00
/measure/lpoxycodone/ccg/11X/,20180906,1,1,00:00:01,0,0.00%,0.00%,$0.00
/measure/lpoxycodone/ccg/99P/,20180924,1,1,00:00:21,0,0.00%,0.00%,$0.00
/measure/lpperindopril/ccg/02P/,20180918,1,1,00:00:13,0,0.00%,0.00%,$0.00
/measure/lpperindopril/ccg/11X/,20180906,1,1,00:00:00,0,0.00%,0.00%,$0.00
/measure/lpperindopril/ccg/12F/,20181011,1,1,00:00:10,0,0.00%,0.00%,$0.00
/measure/lpperindopril/ccg/14Y/,20181003,1,1,00:00:00,0,0.00%,100.00%,$0.00
/measure/lpperindopril/ccg/99P/,20180926,1,1,00:01:09,0,0.00%,0.00%,$0.00
/measure/lpperindopril/ccg/99Q/,20180926,1,1,00:14:44,0,0.00%,0.00%,$0.00
/measure/lprubefacients/ccg/02P/,20180918,1,1,00:00:40,0,0.00%,0.00%,$0.00
/measure/lprubefacients/ccg/03F/,20180814,1,1,00:28:58,0,0.00%,0.00%,$0.00
/measure/lprubefacients/ccg/08H/,20180908,1,1,00:01:35,0,0.00%,0.00%,$0.00
/measure/lprubefacients/ccg/11X/,20180821,1,1,00:00:35,0,0.00%,0.00%,$0.00
/measure/lprubefacients/ccg/11X/,20180906,1,1,00:00:02,0,0.00%,0.00%,$0.00
/measure/lprubefacients/ccg/99P/,20180926,1,1,00:04:52,0,0.00%,0.00%,$0.00
/measure/lprubefacients/ccg/99Q/,20180926,1,1,00:04:56,0,0.00%,0.00%,$0.00
/measure/lptadalafil/ccg/02N/,20180927,1,1,00:15:13,0,0.00%,0.00%,$0.00
/measure/lptadalafil/ccg/02P/,20180918,1,1,00:00:10,0,0.00%,0.00%,$0.00
/measure/lptadalafil/ccg/06Q/,20180829,1,1,00:00:18,0,0.00%,0.00%,$0.00
/measure/lptadalafil/ccg/99N/,20181020,1,1,00:00:09,0,0.00%,0.00%,$0.00
/measure/lptramadolpara/ccg/11X/,20180906,1,1,00:00:02,0,0.00%,0.00%,$0.00
/measure/lptramadolpara/ccg/99D/,20180822,1,1,00:00:07,0,0.00%,0.00%,$0.00
/measure/lptramadolpara/ccg/99P/,20180926,1,1,00:02:09,0,0.00%,0.00%,$0.00
/measure/lptravelvacs/ccg/02P/,20180918,1,1,00:00:09,0,0.00%,0.00%,$0.00
/measure/lptravelvacs/ccg/04E/,20181020,1,1,00:01:02,0,0.00%,0.00%,$0.00
/measure/lptravelvacs/ccg/06M/,20180822,1,1,00:00:00,0,0.00%,100.00%,$0.00
/measure/lptravelvacs/ccg/06M/,20181004,1,1,00:00:35,0,0.00%,0.00%,$0.00
/measure/lptravelvacs/ccg/08V/,20180921,1,1,00:00:00,0,0.00%,100.00%,$0.00
/measure/lptravelvacs/ccg/11X/,20180807,1,1,00:00:58,0,0.00%,0.00%,$0.00
/measure/lptravelvacs/ccg/11X/,20180906,1,1,00:00:02,0,0.00%,0.00%,$0.00
/measure/lptravelvacs/ccg/13T/,20180921,1,1,00:00:27,0,0.00%,0.00%,$0.00
/measure/lptravelvacs/ccg/99P/,20180807,1,1,00:00:55,0,0.00%,0.00%,$0.00
/measure/lptrimipramine/ccg/05A/,20180806,1,1,00:00:14,0,0.00%,0.00%,$0.00
/measure/lptrimipramine/ccg/05G/,20180925,1,1,00:00:00,0,0.00%,100.00%,$0.00
/measure/lptrimipramine/ccg/06H/,20180919,1,1,00:00:16,0,0.00%,0.00%,$10.00
/measure/lptrimipramine/ccg/11X/,20180906,1,1,00:00:02,0,0.00%,0.00%,$0.00
/measure/lptrimipramine/ccg/14Y/,20181002,1,1,00:03:57,0,0.00%,0.00%,$0.00
